{"level":"info","message":"Server is running","service":"user-service"}
{"level":"info","message":"Server is running","service":"user-service"}
{"level":"info","message":"Server is running","service":"user-service"}
{"level":"info","message":"Server is running","service":"user-service"}
{"level":"info","message":"Server is running","service":"user-service"}
{"level":"info","message":"Server is running","service":"user-service"}
{"level":"info","message":"Server is running","service":"user-service"}
{"level":"info","message":"Server is running","service":"user-service"}
{"level":"info","message":"Server is running","service":"user-service"}
{"level":"info","message":"Socket Connected: BazIevhmOP8aXcfrAAAC (User: 6a70e9b04ddd65366d5a9761)","service":"user-service"}
{"level":"info","message":"Socket Connected: Z_WzjKPOrhOWnpS3AAAF (User: 6a70e9202545a178cd484fc0)","service":"user-service"}
{"level":"info","message":"Socket Disconnected: Z_WzjKPOrhOWnpS3AAAF (User: 6a70e9202545a178cd484fc0)","service":"user-service"}
{"level":"info","message":"Socket Connected: C8I6AurLiDvsBXFTAAAI (User: 6a7478d73552eca61893bb4c)","service":"user-service"}
{"level":"info","message":"Socket Connected: VEYmNO33Fq8pwCtkAAAL (User: 6a7478d73552eca61893bb4c)","service":"user-service"}
{"level":"info","message":"Socket Disconnected: VEYmNO33Fq8pwCtkAAAL (User: 6a7478d73552eca61893bb4c)","service":"user-service"}
{"level":"info","message":"Socket Disconnected: BazIevhmOP8aXcfrAAAC (User: 6a70e9b04ddd65366d5a9761)","service":"user-service"}
{"level":"info","message":"Socket Connected: 2LCjBYnzOmgs3vLNAAAO (User: 6a70e9b04ddd65366d5a9761)","service":"user-service"}
{"level":"info","message":"Socket Connected: BRcqxASJ0cR8UXkwAAAR (User: 6a70e9b04ddd65366d5a9761)","service":"user-service"}
{"level":"info","message":"Socket Disconnected: BRcqxASJ0cR8UXkwAAAR (User: 6a70e9b04ddd65366d5a9761)","service":"user-service"}
{"level":"info","message":"Socket Disconnected: 2LCjBYnzOmgs3vLNAAAO (User: 6a70e9b04ddd65366d5a9761)","service":"user-service"}
{"level":"info","message":"Socket Connected: PQJh-GUuhYkI17XpAAAU (User: 6a70e9b04ddd65366d5a9761)","service":"user-service"}
{"level":"info","message":"Socket Disconnected: PQJh-GUuhYkI17XpAAAU (User: 6a70e9b04ddd65366d5a9761)","service":"user-service"}
{"level":"info","message":"Socket Connected: EQZko2HFWHc2ouRDAAAX (User: 6a70e9202545a178cd484fc0)","service":"user-service"}
{"level":"info","message":"Socket Disconnected: EQZko2HFWHc2ouRDAAAX (User: 6a70e9202545a178cd484fc0)","service":"user-service"}
{"level":"info","message":"Socket Connected: 3R6hJMOyL86l_JtPAAAa (User: 6a70e9202545a178cd484fc0)","service":"user-service"}
{"level":"info","message":"Socket Disconnected: 3R6hJMOyL86l_JtPAAAa (User: 6a70e9202545a178cd484fc0)","service":"user-service"}
{"level":"info","message":"Server is running","service":"user-service"}
{"level":"info","message":"Socket Connected: M7DdAwyDauZKFTOjAAAC (User: 6a70e9b04ddd65366d5a9761)","service":"user-service"}
{"level":"info","message":"Socket Disconnected: M7DdAwyDauZKFTOjAAAC (User: 6a70e9b04ddd65366d5a9761)","service":"user-service"}
{"level":"info","message":"Socket Connected: jp2B6OAMBgtH9vhGAAAZ (User: 6a70e9b04ddd65366d5a9761)","service":"user-service"}
{"level":"info","message":"Socket Connected: 1l-q5ye22-q14_ZEAAA3 (User: 6a70e9b04ddd65366d5a9761)","service":"user-service"}
{"level":"info","message":"Socket Connected: Vil2uBESrdLnwyE0AABg (User: 6a70e9b04ddd65366d5a9761)","service":"user-service"}
{"level":"info","message":"Socket Connected: BakqRj3w935Od20XAAB7 (User: 6a70e9b04ddd65366d5a9761)","service":"user-service"}
{"level":"info","message":"Socket Connected: o586-pUG7T-yL9lDAACa (User: 6a70e9b04ddd65366d5a9761)","service":"user-service"}
{"level":"info","message":"Socket Disconnected: jp2B6OAMBgtH9vhGAAAZ (User: 6a70e9b04ddd65366d5a9761)","service":"user-service"}
{"level":"info","message":"Socket Disconnected: Vil2uBESrdLnwyE0AABg (User: 6a70e9b04ddd65366d5a9761)","service":"user-service"}
{"level":"info","message":"Socket Disconnected: o586-pUG7T-yL9lDAACa (User: 6a70e9b04ddd65366d5a9761)","service":"user-service"}
{"level":"info","message":"Socket Connected: llp_-DAcIXVik0AQAAEi (User: 6a70e9b04ddd65366d5a9761)","service":"user-service"}
{"level":"info","message":"Socket Disconnected: llp_-DAcIXVik0AQAAEi (User: 6a70e9b04ddd65366d5a9761)","service":"user-service"}
{"level":"info","message":"Socket Connected: nN3RQfnwc-HdNvylAAEl (User: 6a70e9b04ddd65366d5a9761)","service":"user-service"}
{"level":"info","message":"Socket Connected: WJQlRL1jHzdx6ZqvAAEo (User: 6a70e9b04ddd65366d5a9761)","service":"user-service"}
{"level":"info","message":"Socket Connected: zNYk4IHWEzZXW8DGAAEr (User: 6a70e9b04ddd65366d5a9761)","service":"user-service"}
{"level":"info","message":"Socket Connected: ZVyK5XuASmc0qeJiAAEu (User: 6a70e9b04ddd65366d5a9761)","service":"user-service"}
{"level":"info","message":"Socket Disconnected: nN3RQfnwc-HdNvylAAEl (User: 6a70e9b04ddd65366d5a9761)","service":"user-service"}
{"level":"info","message":"Socket Disconnected: WJQlRL1jHzdx6ZqvAAEo (User: 6a70e9b04ddd65366d5a9761)","service":"user-service"}
{"level":"info","message":"Socket Disconnected: zNYk4IHWEzZXW8DGAAEr (User: 6a70e9b04ddd65366d5a9761)","service":"user-service"}
{"level":"info","message":"Socket Disconnected: ZVyK5XuASmc0qeJiAAEu (User: 6a70e9b04ddd65366d5a9761)","service":"user-service"}
{"level":"info","message":"Socket Connected: -1SdZNg4TXK5q9DfAAEx (User: 6a70e9202545a178cd484fc0)","service":"user-service"}
{"level":"info","message":"Socket Disconnected: -1SdZNg4TXK5q9DfAAEx (User: 6a70e9202545a178cd484fc0)","service":"user-service"}
{"level":"info","message":"Socket Connected: SsHOldt2tqk-5UfaAAE0 (User: 6a70e9202545a178cd484fc0)","service":"user-service"}
{"level":"info","message":"Socket Connected: B8YJGu-7qnYWfSvBAAE3 (User: 6a70e9202545a178cd484fc0)","service":"user-service"}
{"level":"info","message":"Socket Connected: yg9JcYzX9L82bxw6AAE6 (User: 6a70e9b04ddd65366d5a9761)","service":"user-service"}
{"level":"info","message":"Socket Connected: uVpGJrQYD8X4MkQ9AAE9 (User: 6a70e9b04ddd65366d5a9761)","service":"user-service"}
{"level":"info","message":"Socket Disconnected: uVpGJrQYD8X4MkQ9AAE9 (User: 6a70e9b04ddd65366d5a9761)","service":"user-service"}
{"level":"info","message":"Server is running","service":"user-service"}
{"level":"info","message":"Socket Connected: yEgTsHEwb6IVn0XQAAAB (User: 6a70e9202545a178cd484fc0)","service":"user-service"}
{"level":"info","message":"Socket Disconnected: yEgTsHEwb6IVn0XQAAAB (User: 6a70e9202545a178cd484fc0)","service":"user-service"}
{"level":"info","message":"Socket Connected: gxpmwY-HLUDhKQVSAAAE (User: 6a70e9202545a178cd484fc0)","service":"user-service"}
{"level":"info","message":"Socket Connected: 8sIwRMB488y3CthwAAAH (User: 6a70e9202545a178cd484fc0)","service":"user-service"}
{"level":"info","message":"Socket Connected: s6xuPU2YeZsq66iJAAAK (User: 6a70e9b04ddd65366d5a9761)","service":"user-service"}
{"level":"info","message":"Socket Connected: fOitRuQgbvRCNTF2AAAN (User: 6a70e9b04ddd65366d5a9761)","service":"user-service"}
{"level":"info","message":"Socket Disconnected: 8sIwRMB488y3CthwAAAH (User: 6a70e9202545a178cd484fc0)","service":"user-service"}
{"level":"info","message":"Server is running","service":"user-service"}
{"level":"info","message":"Server is running","service":"user-service"}
{"level":"info","message":"Socket Connected: q77KKYg6RAzUms_EAAAC (User: 6a70e9202545a178cd484fc0)","service":"user-service"}
{"level":"info","message":"Socket Connected: B08c-eHqjH3Hf3m2AAAF (User: 6a70e9202545a178cd484fc0)","service":"user-service"}
{"level":"info","message":"Socket Disconnected: B08c-eHqjH3Hf3m2AAAF (User: 6a70e9202545a178cd484fc0)","service":"user-service"}
{"level":"info","message":"Socket Connected: dl6PbRRri0jiJ-AyAAAI (User: 6a70e9202545a178cd484fc0)","service":"user-service"}
{"level":"info","message":"Socket Disconnected: dl6PbRRri0jiJ-AyAAAI (User: 6a70e9202545a178cd484fc0)","service":"user-service"}
{"level":"info","message":"Socket Connected: riUHuUXahwrITADFAAAL (User: 6a70e9202545a178cd484fc0)","service":"user-service"}
{"level":"info","message":"Socket Disconnected: riUHuUXahwrITADFAAAL (User: 6a70e9202545a178cd484fc0)","service":"user-service"}
{"level":"info","message":"Socket Connected: HSJk8GzadzycC2gPAAAO (User: 6a70e9202545a178cd484fc0)","service":"user-service"}
{"level":"info","message":"Socket Disconnected: HSJk8GzadzycC2gPAAAO (User: 6a70e9202545a178cd484fc0)","service":"user-service"}
{"level":"info","message":"Socket Connected: lUzYRuwQ4CbhLBwYAAAR (User: 6a70e9202545a178cd484fc0)","service":"user-service"}
{"level":"info","message":"Socket Disconnected: lUzYRuwQ4CbhLBwYAAAR (User: 6a70e9202545a178cd484fc0)","service":"user-service"}
{"level":"info","message":"Socket Connected: sJhpKgKtF-iBNMr8AAAU (User: 6a70e9202545a178cd484fc0)","service":"user-service"}
{"level":"info","message":"Socket Disconnected: sJhpKgKtF-iBNMr8AAAU (User: 6a70e9202545a178cd484fc0)","service":"user-service"}
{"level":"info","message":"Socket Connected: k6fQzNxLan57WVfWAAAX (User: 6a70e9202545a178cd484fc0)","service":"user-service"}
{"level":"info","message":"Socket Disconnected: k6fQzNxLan57WVfWAAAX (User: 6a70e9202545a178cd484fc0)","service":"user-service"}
{"level":"error","message":"Failed to send OTP email, but OTP is stored:","service":"user-service"}
{"level":"info","message":"Server is running","service":"user-service"}
{"level":"error","message":"Failed to send OTP email, but OTP is stored:","service":"user-service"}
{"level":"info","message":"Server is running"}
{"level":"error","message":"Failed to send OTP email, but OTP is stored:"}
{"level":"info","message":"Server is running"}
{"level":"error","message":"Failed to send OTP email, but OTP is stored:"}
{"level":"info","message":"Server is running"}
{"level":"info","message":"Server is running"}
{"level":"info","message":"Server is running"}
{"level":"error","message":"Failed to send OTP email, but OTP is stored:"}
{"level":"info","message":"Server is running"}
{"level":"info","message":"Socket Connected: a4crDlIo6zySO6xIAAAC (User: 6a70e9b04ddd65366d5a9761)"}
{"level":"info","message":"Socket Connected: 7gNCqrdCB7LAWZwkAAAF (User: 6a70e9b04ddd65366d5a9761)"}
{"level":"info","message":"Socket Disconnected: 7gNCqrdCB7LAWZwkAAAF (User: 6a70e9b04ddd65366d5a9761)"}
{"level":"info","message":"Socket Connected: hFpMMRA_lMrxrDQqAAAI (User: 6a70e9b04ddd65366d5a9761)"}
{"level":"info","message":"Socket Connected: CRfMx7Exp8bFF-OgAAAL (User: 6a70e9b04ddd65366d5a9761)"}
{"level":"info","message":"Socket Disconnected: hFpMMRA_lMrxrDQqAAAI (User: 6a70e9b04ddd65366d5a9761)"}
{"level":"info","message":"Socket Disconnected: CRfMx7Exp8bFF-OgAAAL (User: 6a70e9b04ddd65366d5a9761)"}
{"level":"info","message":"Server is running"}
{"level":"info","message":"Server is running"}
{"level":"info","message":"Server is running"}
{"level":"info","message":"Server is running"}
{"level":"info","message":"Server is running"}
{"level":"info","message":"Server is running"}
{"level":"info","message":"Server is running"}
{"level":"info","message":"Server is running"}
{"level":"info","message":"Server is running"}
{"level":"info","message":"Server is running"}
{"level":"info","message":"Server is running"}
{"level":"error","message":"Failed to send OTP email, but OTP is stored:"}
{"level":"error","message":"Failed to send OTP email, but OTP is stored:"}
{"level":"error","message":"Failed to send OTP email, but OTP is stored:"}
{"level":"info","message":"Socket Connected: E5hzEQyXAPzOFZ8RAAAC (User: 6a70e9b04ddd65366d5a9761)"}
{"level":"info","message":"Socket Connected: GcH3luDgFSadrMTdAAAF (User: 6a70e9b04ddd65366d5a9761)"}
{"level":"info","message":"Socket Disconnected: GcH3luDgFSadrMTdAAAF (User: 6a70e9b04ddd65366d5a9761)"}
{"level":"info","message":"Socket Connected: cVuNpP0Kwn6kmGQWAAAI (User: 6a70e9b04ddd65366d5a9761)"}
{"level":"info","message":"Socket Connected: h1MvfJ1VxHSega9GAAAL (User: 6a70e9b04ddd65366d5a9761)"}
{"level":"info","message":"Socket Disconnected: h1MvfJ1VxHSega9GAAAL (User: 6a70e9b04ddd65366d5a9761)"}
{"level":"info","message":"Socket Connected: umwCwMoR-GTGxH-5AAAO (User: 6a70e9b04ddd65366d5a9761)"}
{"level":"info","message":"Socket Connected: Zvw-30v93yuKPI1HAAAR (User: 6a70e9b04ddd65366d5a9761)"}
{"level":"info","message":"Socket Disconnected: umwCwMoR-GTGxH-5AAAO (User: 6a70e9b04ddd65366d5a9761)"}
{"level":"info","message":"Socket Disconnected: Zvw-30v93yuKPI1HAAAR (User: 6a70e9b04ddd65366d5a9761)"}
{"level":"info","message":"Socket Connected: S-Alurs117FBEVBJAAAU (User: 6a70e9b04ddd65366d5a9761)"}
{"level":"info","message":"Socket Connected: SFBO-SrEZFtYfbwSAAAX (User: 6a70e9b04ddd65366d5a9761)"}
{"level":"info","message":"Socket Disconnected: S-Alurs117FBEVBJAAAU (User: 6a70e9b04ddd65366d5a9761)"}
{"level":"info","message":"Socket Disconnected: SFBO-SrEZFtYfbwSAAAX (User: 6a70e9b04ddd65366d5a9761)"}
{"level":"info","message":"Socket Connected: J2z14e72TXrS6RfkAAAZ (User: 6a70e9b04ddd65366d5a9761)"}
{"level":"info","message":"Socket Connected: MrPjBpwfNAIVyNP1AAAc (User: 6a70e9b04ddd65366d5a9761)"}
{"level":"info","message":"Socket Disconnected: MrPjBpwfNAIVyNP1AAAc (User: 6a70e9b04ddd65366d5a9761)"}
{"level":"info","message":"Socket Connected: 4VqCCD3VHNbDve2YAAAf (User: 6a70e9b04ddd65366d5a9761)"}
{"level":"info","message":"Server is running"}
{"level":"info","message":"Socket Connected: 5ljugnft9EzKS12sAAAE (User: 6a70e9b04ddd65366d5a9761)"}
{"level":"info","message":"Socket Connected: 0dC7UU1JaGcAEg8AAAAH (User: 6a70e9b04ddd65366d5a9761)"}
{"level":"info","message":"Server is running"}
{"level":"info","message":"Socket Connected: kPeJAUOGrvje_jINAAAC (User: 6a70e9b04ddd65366d5a9761)"}
{"level":"info","message":"Socket Connected: rPu5RtPHL77MrnK9AAAF (User: 6a70e9b04ddd65366d5a9761)"}
{"level":"info","message":"Server is running"}
{"level":"info","message":"Server is running"}
{"level":"info","message":"Socket Connected: zNEpb4FSYCJqXHecAAAC (User: 6a70e9b04ddd65366d5a9761)"}
{"level":"info","message":"Socket Connected: hDPrisaRdORqtoVSAAAF (User: 6a70e9b04ddd65366d5a9761)"}
{"level":"info","message":"Socket Disconnected: hDPrisaRdORqtoVSAAAF (User: 6a70e9b04ddd65366d5a9761)"}
{"level":"info","message":"Socket Connected: s0gxItTX6cb9JmoaAAAI (User: 6a70e9b04ddd65366d5a9761)"}
{"level":"info","message":"Server is running"}
{"level":"info","message":"Server is running"}
{"level":"info","message":"Server is running"}
{"level":"info","message":"Socket Connected: on9RE-4jomztS0WeAAAC (User: 6a70e9b04ddd65366d5a9761)"}
{"level":"info","message":"Socket Connected: ePDSYdnp4CPzRJfTAAAF (User: 6a70e9b04ddd65366d5a9761)"}
{"level":"info","message":"Socket Disconnected: ePDSYdnp4CPzRJfTAAAF (User: 6a70e9b04ddd65366d5a9761)"}
{"level":"info","message":"Socket Connected: AqXDCGIOLVDU4FLCAAAI (User: 6a70e9b04ddd65366d5a9761)"}
{"level":"info","message":"Socket Disconnected: AqXDCGIOLVDU4FLCAAAI (User: 6a70e9b04ddd65366d5a9761)"}
{"level":"info","message":"Socket Connected: mRmcLd4uGo06EPw4AAAL (User: 6a70e9b04ddd65366d5a9761)"}
{"level":"info","message":"Socket Disconnected: mRmcLd4uGo06EPw4AAAL (User: 6a70e9b04ddd65366d5a9761)"}
{"level":"info","message":"Socket Connected: RLOlCJutPb0RUJScAAAO (User: 6a70e9b04ddd65366d5a9761)"}
{"level":"info","message":"Socket Disconnected: RLOlCJutPb0RUJScAAAO (User: 6a70e9b04ddd65366d5a9761)"}
{"level":"info","message":"Socket Connected: TaN4pgv0a6h_L5lvAAAR (User: 6a70e9b04ddd65366d5a9761)"}
{"level":"info","message":"Socket Disconnected: TaN4pgv0a6h_L5lvAAAR (User: 6a70e9b04ddd65366d5a9761)"}
{"level":"info","message":"Socket Connected: oByI4gAq6-_aNJXKAAAU (User: 6a70e9b04ddd65366d5a9761)"}
{"level":"info","message":"Socket Disconnected: oByI4gAq6-_aNJXKAAAU (User: 6a70e9b04ddd65366d5a9761)"}
{"level":"info","message":"Socket Connected: hTxkSpJapurE_qpnAAAX (User: 6a70e9b04ddd65366d5a9761)"}
{"level":"info","message":"Socket Disconnected: hTxkSpJapurE_qpnAAAX (User: 6a70e9b04ddd65366d5a9761)"}
{"level":"info","message":"Socket Connected: Q-04wbv7MuRu6OhcAAAa (User: 6a70e9b04ddd65366d5a9761)"}
{"level":"info","message":"Socket Disconnected: Q-04wbv7MuRu6OhcAAAa (User: 6a70e9b04ddd65366d5a9761)"}
{"level":"info","message":"Socket Connected: FG56HTI09Ih4EVXQAAAd (User: 6a70e9b04ddd65366d5a9761)"}
{"level":"info","message":"Socket Disconnected: FG56HTI09Ih4EVXQAAAd (User: 6a70e9b04ddd65366d5a9761)"}
{"level":"info","message":"Socket Connected: 2l9gSDaJzXya-opvAAAg (User: 6a70e9b04ddd65366d5a9761)"}
{"level":"info","message":"Socket Disconnected: 2l9gSDaJzXya-opvAAAg (User: 6a70e9b04ddd65366d5a9761)"}
{"level":"info","message":"Socket Connected: M39SRxP6OpmU5QsIAAAj (User: 6a70e9b04ddd65366d5a9761)"}
{"level":"info","message":"Socket Disconnected: M39SRxP6OpmU5QsIAAAj (User: 6a70e9b04ddd65366d5a9761)"}
{"level":"info","message":"Socket Connected: 58wEp7elsiU-A_sXAAAm (User: 6a70e9b04ddd65366d5a9761)"}
{"level":"info","message":"Socket Disconnected: 58wEp7elsiU-A_sXAAAm (User: 6a70e9b04ddd65366d5a9761)"}
{"level":"info","message":"Socket Connected: 73BKv5KUOgFyqH9HAAAp (User: 6a70e9b04ddd65366d5a9761)"}
{"level":"info","message":"Socket Disconnected: 73BKv5KUOgFyqH9HAAAp (User: 6a70e9b04ddd65366d5a9761)"}
{"level":"info","message":"Socket Connected: d1ojOeqKAiryumVKAAAs (User: 6a70e9b04ddd65366d5a9761)"}
{"level":"info","message":"Socket Disconnected: d1ojOeqKAiryumVKAAAs (User: 6a70e9b04ddd65366d5a9761)"}
{"level":"info","message":"Socket Connected: V8gYM8cj9M8c-sKZAAAv (User: 6a70e9b04ddd65366d5a9761)"}
{"level":"info","message":"Socket Disconnected: V8gYM8cj9M8c-sKZAAAv (User: 6a70e9b04ddd65366d5a9761)"}
{"level":"info","message":"Socket Connected: eAbm9Tl9K2802BVXAAAy (User: 6a70e9b04ddd65366d5a9761)"}
{"level":"info","message":"Socket Disconnected: eAbm9Tl9K2802BVXAAAy (User: 6a70e9b04ddd65366d5a9761)"}
{"level":"info","message":"Socket Connected: i2AZgs7VYapz9xsMAAA1 (User: 6a70e9b04ddd65366d5a9761)"}
{"level":"info","message":"Socket Disconnected: i2AZgs7VYapz9xsMAAA1 (User: 6a70e9b04ddd65366d5a9761)"}
{"level":"info","message":"Socket Connected: z3HfUKO66lXU7IrUAAA4 (User: 6a70e9b04ddd65366d5a9761)"}
{"level":"info","message":"Socket Disconnected: z3HfUKO66lXU7IrUAAA4 (User: 6a70e9b04ddd65366d5a9761)"}
{"level":"info","message":"Server is running"}
{"level":"info","message":"Server is running"}
{"level":"info","message":"Server is running"}
{"level":"info","message":"Server is running"}
{"level":"info","message":"Server is running"}
{"level":"info","message":"Server is running"}
{"level":"info","message":"Socket Connected: ghvNY4--gNkdeIIMAAAC (User: 6a70e9b04ddd65366d5a9761)"}
{"level":"info","message":"Socket Connected: -3ZGVGIwsJw6s26jAAAF (User: 6a70e9b04ddd65366d5a9761)"}
{"level":"info","message":"Socket Disconnected: -3ZGVGIwsJw6s26jAAAF (User: 6a70e9b04ddd65366d5a9761)"}
{"level":"info","message":"Socket Connected: LcxX7Devv8t4RcHKAAAI (User: 6a70e9b04ddd65366d5a9761)"}
{"level":"info","message":"Socket Connected: erLeNFO6m4iRW0ROAAAK (User: 6a70e9b04ddd65366d5a9761)"}
{"level":"info","message":"Server is running"}
{"level":"info","message":"Socket Connected: VG1OXV_mXcLVXNa9AAAB (User: 6a70e9b04ddd65366d5a9761)"}
{"level":"info","message":"Server is running"}
{"level":"info","message":"Socket Connected: ZYDzyqk547Mui9htAAAB (User: 6a70e9b04ddd65366d5a9761)"}
{"level":"info","message":"Socket Disconnected: ZYDzyqk547Mui9htAAAB (User: 6a70e9b04ddd65366d5a9761)"}
{"level":"info","message":"Socket Connected: JyBjAb38zuGmV0KdAAAE (User: 6a70e9b04ddd65366d5a9761)"}
{"level":"info","message":"Socket Disconnected: JyBjAb38zuGmV0KdAAAE (User: 6a70e9b04ddd65366d5a9761)"}
{"level":"info","message":"Socket Connected: 8ghhkze55r3cnevQAAAH (User: 6a70e9b04ddd65366d5a9761)"}
{"level":"info","message":"Socket Connected: NvgIbYYoH8j2_EobAAAK (User: 6a70e9b04ddd65366d5a9761)"}
{"level":"info","message":"Server is running"}
{"level":"info","message":"Socket Connected: xNhlXg_IeLFdqKcoAAAB (User: 6a70e9b04ddd65366d5a9761)"}
{"level":"info","message":"Socket Disconnected: xNhlXg_IeLFdqKcoAAAB (User: 6a70e9b04ddd65366d5a9761)"}
{"level":"info","message":"Socket Connected: YB975LNfp_-exMiAAAAE (User: 6a70e9b04ddd65366d5a9761)"}
{"level":"info","message":"Server is running"}
{"level":"info","message":"Socket Connected: qVb3WmlvjDWJc8feAAAB (User: 6a70e9b04ddd65366d5a9761)"}
{"level":"info","message":"Server is running"}
{"level":"info","message":"Socket Connected: 5Fc8fY_xgyfXa8xUAAAB (User: 6a70e9b04ddd65366d5a9761)"}
{"level":"info","message":"Socket Disconnected: 5Fc8fY_xgyfXa8xUAAAB (User: 6a70e9b04ddd65366d5a9761)"}
{"level":"info","message":"Socket Connected: LMyYHcUtcMGMmqq0AAAE (User: 6a70e9b04ddd65366d5a9761)"}
{"level":"info","message":"Socket Disconnected: LMyYHcUtcMGMmqq0AAAE (User: 6a70e9b04ddd65366d5a9761)"}
{"level":"info","message":"Socket Connected: 60X7YGib45kMIZHpAAAH (User: 6a70e9b04ddd65366d5a9761)"}
{"level":"info","message":"Socket Connected: WEe6-t6ItgwBs-TUAAAJ (User: 6a70e9b04ddd65366d5a9761)"}
{"level":"info","message":"Socket Disconnected: WEe6-t6ItgwBs-TUAAAJ (User: 6a70e9b04ddd65366d5a9761)"}
{"level":"info","message":"Socket Connected: RtMQ0BPwPDJNTUe_AAAM (User: 6a70e9b04ddd65366d5a9761)"}
{"level":"info","message":"Socket Disconnected: RtMQ0BPwPDJNTUe_AAAM (User: 6a70e9b04ddd65366d5a9761)"}
{"level":"info","message":"Socket Connected: M_YbxTs9YY39TgxyAAAP (User: 6a70e9b04ddd65366d5a9761)"}
{"level":"info","message":"Socket Connected: nJPMFsia4PB8UGqqAAAR (User: 6a70e9b04ddd65366d5a9761)"}
{"level":"info","message":"Socket Disconnected: nJPMFsia4PB8UGqqAAAR (User: 6a70e9b04ddd65366d5a9761)"}
{"level":"info","message":"Server is running"}
{"level":"info","message":"Server is running"}
{"level":"info","message":"Server is running"}
{"level":"info","message":"Socket Connected: u5ujTfhtUWmNg0ncAAAC (User: 6a76c933c246204ec05b2800)"}
{"level":"info","message":"Socket Connected: 5EG0yulfadGyRtFWAAAF (User: 6a76c933c246204ec05b2800)"}
{"level":"info","message":"Socket Disconnected: 5EG0yulfadGyRtFWAAAF (User: 6a76c933c246204ec05b2800)"}
{"level":"info","message":"Socket Connected: ESsIXRY1ugCw6xpRAAAI (User: 6a76ca01c246204ec05b2801)"}
{"level":"info","message":"Socket Connected: nLS18ZQcU21Adu9mAAAL (User: 6a76ca01c246204ec05b2801)"}
{"level":"info","message":"Socket Connected: tWoVbsMFFGy7spEyAAAO (User: 6a76c933c246204ec05b2800)"}
{"level":"info","message":"Socket Disconnected: tWoVbsMFFGy7spEyAAAO (User: 6a76c933c246204ec05b2800)"}
{"level":"info","message":"Socket Connected: eMmaEBqf3bTwBc04AAAR (User: 6a76c933c246204ec05b2800)"}
{"level":"info","message":"Socket Disconnected: eMmaEBqf3bTwBc04AAAR (User: 6a76c933c246204ec05b2800)"}
{"level":"info","message":"Server is running"}
{"level":"info","message":"Socket Connected: ly3Fo3t3MSA5uQpJAAAB (User: 6a76ca01c246204ec05b2801)"}
{"level":"info","message":"Server is running"}
{"level":"info","message":"Socket Connected: DTmEl5MHcKavTDu3AAAB (User: 6a76ca01c246204ec05b2801)"}
{"level":"info","message":"Server is running"}
{"level":"info","message":"Socket Connected: bw9xQs5JSgpiahL7AAAB (User: 6a76ca01c246204ec05b2801)"}
{"level":"info","message":"Socket Disconnected: bw9xQs5JSgpiahL7AAAB (User: 6a76ca01c246204ec05b2801)"}
{"level":"info","message":"Socket Connected: pwsoQRlkdgQNadGYAAAE (User: 6a76ca01c246204ec05b2801)"}
{"level":"info","message":"Socket Connected: vc5XQeoZFmB16TAMAAAH (User: 6a76ce85c11a4205f784951f)"}
{"level":"info","message":"Socket Connected: tkVXjlKeZ_Phiz1ZAAAK (User: 6a76ce85c11a4205f784951f)"}
{"level":"info","message":"Socket Connected: xhL0HVSiiyZzn0GCAAAN (User: 6a76c933c246204ec05b2800)"}
{"level":"info","message":"Socket Disconnected: xhL0HVSiiyZzn0GCAAAN (User: 6a76c933c246204ec05b2800)"}
{"level":"info","message":"Socket Connected: 9G12EBHP3M5_n-mVAAAQ (User: 6a76ca01c246204ec05b2801)"}
{"level":"info","message":"Socket Connected: Wl3VfRentSdRz6WwAAAT (User: 6a76ca01c246204ec05b2801)"}
{"level":"info","message":"Socket Disconnected: Wl3VfRentSdRz6WwAAAT (User: 6a76ca01c246204ec05b2801)"}
{"level":"info","message":"Socket Disconnected: tkVXjlKeZ_Phiz1ZAAAK (User: 6a76ce85c11a4205f784951f)"}
{"level":"info","message":"Socket Connected: wlYDUcxQsbLpceWrAAAW (User: 6a76ce85c11a4205f784951f)"}
{"level":"info","message":"Socket Connected: NWniwtYUjpjz45AOAAAZ (User: 6a76ce85c11a4205f784951f)"}
{"level":"info","message":"Socket Disconnected: NWniwtYUjpjz45AOAAAZ (User: 6a76ce85c11a4205f784951f)"}
{"level":"info","message":"Socket Connected: mfWm1Dnlga6jTj6MAAAc (User: 6a76ce85c11a4205f784951f)"}
{"cause":{"beforeHandshake":false,"errorLabelSet":{}},"errorLabelSet":{},"level":"error","message":"Mark Read Error: connection <monitor> to 159.41.197.31:27017 timed out","reason":{"commonWireVersion":25,"compatible":true,"heartbeatFrequencyMS":10000,"localThresholdMS":15,"logicalSessionTimeoutMinutes":null,"maxElectionId":{"$oid":"7fffffff000000000000013b"},"maxSetVersion":288,"servers":{"ac-ek6ww0d-shard-00-00.jjbmm4d.mongodb.net:27017":{"$clusterTime":null,"address":"ac-ek6ww0d-shard-00-00.jjbmm4d.mongodb.net:27017","arbiters":[],"electionId":null,"error":{"beforeHandshake":false,"errorLabelSet":{}},"hosts":[],"iscryptd":false,"lastUpdateTime":687226,"lastWriteDate":0,"logicalSessionTimeoutMinutes":null,"maxBsonObjectSize":null,"maxMessageSizeBytes":null,"maxWireVersion":0,"maxWriteBatchSize":null,"me":null,"minRoundTripTime":0,"minWireVersion":0,"passives":[],"primary":null,"roundTripTime":-1,"setName":null,"setVersion":null,"tags":{},"topologyVersion":null,"type":"Unknown"},"ac-ek6ww0d-shard-00-01.jjbmm4d.mongodb.net:27017":{"$clusterTime":null,"address":"ac-ek6ww0d-shard-00-01.jjbmm4d.mongodb.net:27017","arbiters":[],"electionId":null,"error":{"beforeHandshake":false,"errorLabelSet":{}},"hosts":[],"iscryptd":false,"lastUpdateTime":653898,"lastWriteDate":0,"logicalSessionTimeoutMinutes":null,"maxBsonObjectSize":null,"maxMessageSizeBytes":null,"maxWireVersion":0,"maxWriteBatchSize":null,"me":null,"minRoundTripTime":0,"minWireVersion":0,"passives":[],"primary":null,"roundTripTime":-1,"setName":null,"setVersion":null,"tags":{},"topologyVersion":null,"type":"Unknown"},"ac-ek6ww0d-shard-00-02.jjbmm4d.mongodb.net:27017":{"$clusterTime":null,"address":"ac-ek6ww0d-shard-00-02.jjbmm4d.mongodb.net:27017","arbiters":[],"electionId":null,"error":{"beforeHandshake":false,"errorLabelSet":{}},"hosts":[],"iscryptd":false,"lastUpdateTime":663395,"lastWriteDate":0,"logicalSessionTimeoutMinutes":null,"maxBsonObjectSize":null,"maxMessageSizeBytes":null,"maxWireVersion":0,"maxWriteBatchSize":null,"me":null,"minRoundTripTime":0,"minWireVersion":0,"passives":[],"primary":null,"roundTripTime":-1,"setName":null,"setVersion":null,"tags":{},"topologyVersion":null,"type":"Unknown"}},"setName":"atlas-j2zdwj-shard-0","stale":false,"type":"ReplicaSetNoPrimary"},"stack":"MongoServerSelectionError: connection <monitor> to 159.41.197.31:27017 timed out\n    at Topology.selectServer (D:\\Chat Application\\Chat-Application\\server\\node_modules\\mongodb\\lib\\sdam\\topology.js:348:38)\n    at runNextTicks (node:internal/process/task_queues:65:5)\n    at listOnTimeout (node:internal/timers:567:9)\n    at process.processTimers (node:internal/timers:541:7)\n    at async executeOperationWithRetries (D:\\Chat Application\\Chat-Application\\server\\node_modules\\mongodb\\lib\\operations\\execute_operation.js:260:22)\n    at async executeOperation (D:\\Chat Application\\Chat-Application\\server\\node_modules\\mongodb\\lib\\operations\\execute_operation.js:83:16)\n    at async FindCursor._initialize (D:\\Chat Application\\Chat-Application\\server\\node_modules\\mongodb\\lib\\cursor\\find_cursor.js:62:26)\n    at async FindCursor.cursorInit (D:\\Chat Application\\Chat-Application\\server\\node_modules\\mongodb\\lib\\cursor\\abstract_cursor.js:620:27)\n    at async FindCursor.fetchBatch (D:\\Chat Application\\Chat-Application\\server\\node_modules\\mongodb\\lib\\cursor\\abstract_cursor.js:654:13)\n    at async FindCursor.next (D:\\Chat Application\\Chat-Application\\server\\node_modules\\mongodb\\lib\\cursor\\abstract_cursor.js:326:17)"}
{"cause":{"beforeHandshake":false,"errorLabelSet":{}},"errorLabelSet":{},"level":"error","message":"Mark Read Error: connection <monitor> to 159.41.197.31:27017 timed out","reason":{"commonWireVersion":25,"compatible":true,"heartbeatFrequencyMS":10000,"localThresholdMS":15,"logicalSessionTimeoutMinutes":null,"maxElectionId":{"$oid":"7fffffff000000000000013b"},"maxSetVersion":288,"servers":{"ac-ek6ww0d-shard-00-00.jjbmm4d.mongodb.net:27017":{"$clusterTime":null,"address":"ac-ek6ww0d-shard-00-00.jjbmm4d.mongodb.net:27017","arbiters":[],"electionId":null,"error":{"beforeHandshake":false,"errorLabelSet":{}},"hosts":[],"iscryptd":false,"lastUpdateTime":687226,"lastWriteDate":0,"logicalSessionTimeoutMinutes":null,"maxBsonObjectSize":null,"maxMessageSizeBytes":null,"maxWireVersion":0,"maxWriteBatchSize":null,"me":null,"minRoundTripTime":0,"minWireVersion":0,"passives":[],"primary":null,"roundTripTime":-1,"setName":null,"setVersion":null,"tags":{},"topologyVersion":null,"type":"Unknown"},"ac-ek6ww0d-shard-00-01.jjbmm4d.mongodb.net:27017":{"$clusterTime":null,"address":"ac-ek6ww0d-shard-00-01.jjbmm4d.mongodb.net:27017","arbiters":[],"electionId":null,"error":{"beforeHandshake":false,"errorLabelSet":{}},"hosts":[],"iscryptd":false,"lastUpdateTime":653898,"lastWriteDate":0,"logicalSessionTimeoutMinutes":null,"maxBsonObjectSize":null,"maxMessageSizeBytes":null,"maxWireVersion":0,"maxWriteBatchSize":null,"me":null,"minRoundTripTime":0,"minWireVersion":0,"passives":[],"primary":null,"roundTripTime":-1,"setName":null,"setVersion":null,"tags":{},"topologyVersion":null,"type":"Unknown"},"ac-ek6ww0d-shard-00-02.jjbmm4d.mongodb.net:27017":{"$clusterTime":null,"address":"ac-ek6ww0d-shard-00-02.jjbmm4d.mongodb.net:27017","arbiters":[],"electionId":null,"error":{"beforeHandshake":false,"errorLabelSet":{}},"hosts":[],"iscryptd":false,"lastUpdateTime":663395,"lastWriteDate":0,"logicalSessionTimeoutMinutes":null,"maxBsonObjectSize":null,"maxMessageSizeBytes":null,"maxWireVersion":0,"maxWriteBatchSize":null,"me":null,"minRoundTripTime":0,"minWireVersion":0,"passives":[],"primary":null,"roundTripTime":-1,"setName":null,"setVersion":null,"tags":{},"topologyVersion":null,"type":"Unknown"}},"setName":"atlas-j2zdwj-shard-0","stale":false,"type":"ReplicaSetNoPrimary"},"stack":"MongoServerSelectionError: connection <monitor> to 159.41.197.31:27017 timed out\n    at Topology.selectServer (D:\\Chat Application\\Chat-Application\\server\\node_modules\\mongodb\\lib\\sdam\\topology.js:348:38)\n    at runNextTicks (node:internal/process/task_queues:65:5)\n    at listOnTimeout (node:internal/timers:567:9)\n    at process.processTimers (node:internal/timers:541:7)\n    at async executeOperationWithRetries (D:\\Chat Application\\Chat-Application\\server\\node_modules\\mongodb\\lib\\operations\\execute_operation.js:260:22)\n    at async executeOperation (D:\\Chat Application\\Chat-Application\\server\\node_modules\\mongodb\\lib\\operations\\execute_operation.js:83:16)\n    at async FindCursor._initialize (D:\\Chat Application\\Chat-Application\\server\\node_modules\\mongodb\\lib\\cursor\\find_cursor.js:62:26)\n    at async FindCursor.cursorInit (D:\\Chat Application\\Chat-Application\\server\\node_modules\\mongodb\\lib\\cursor\\abstract_cursor.js:620:27)\n    at async FindCursor.fetchBatch (D:\\Chat Application\\Chat-Application\\server\\node_modules\\mongodb\\lib\\cursor\\abstract_cursor.js:654:13)\n    at async FindCursor.next (D:\\Chat Application\\Chat-Application\\server\\node_modules\\mongodb\\lib\\cursor\\abstract_cursor.js:326:17)"}
{"cause":{"beforeHandshake":false,"errorLabelSet":{}},"errorLabelSet":{},"level":"error","message":"Join Chat Error: connection <monitor> to 159.41.197.31:27017 timed out","reason":{"commonWireVersion":25,"compatible":true,"heartbeatFrequencyMS":10000,"localThresholdMS":15,"logicalSessionTimeoutMinutes":null,"maxElectionId":{"$oid":"7fffffff000000000000013b"},"maxSetVersion":288,"servers":{"ac-ek6ww0d-shard-00-00.jjbmm4d.mongodb.net:27017":{"$clusterTime":null,"address":"ac-ek6ww0d-shard-00-00.jjbmm4d.mongodb.net:27017","arbiters":[],"electionId":null,"error":{"beforeHandshake":false,"errorLabelSet":{}},"hosts":[],"iscryptd":false,"lastUpdateTime":687226,"lastWriteDate":0,"logicalSessionTimeoutMinutes":null,"maxBsonObjectSize":null,"maxMessageSizeBytes":null,"maxWireVersion":0,"maxWriteBatchSize":null,"me":null,"minRoundTripTime":0,"minWireVersion":0,"passives":[],"primary":null,"roundTripTime":-1,"setName":null,"setVersion":null,"tags":{},"topologyVersion":null,"type":"Unknown"},"ac-ek6ww0d-shard-00-01.jjbmm4d.mongodb.net:27017":{"$clusterTime":null,"address":"ac-ek6ww0d-shard-00-01.jjbmm4d.mongodb.net:27017","arbiters":[],"electionId":null,"error":{"beforeHandshake":false,"errorLabelSet":{}},"hosts":[],"iscryptd":false,"lastUpdateTime":653898,"lastWriteDate":0,"logicalSessionTimeoutMinutes":null,"maxBsonObjectSize":null,"maxMessageSizeBytes":null,"maxWireVersion":0,"maxWriteBatchSize":null,"me":null,"minRoundTripTime":0,"minWireVersion":0,"passives":[],"primary":null,"roundTripTime":-1,"setName":null,"setVersion":null,"tags":{},"topologyVersion":null,"type":"Unknown"},"ac-ek6ww0d-shard-00-02.jjbmm4d.mongodb.net:27017":{"$clusterTime":null,"address":"ac-ek6ww0d-shard-00-02.jjbmm4d.mongodb.net:27017","arbiters":[],"electionId":null,"error":{"beforeHandshake":false,"errorLabelSet":{}},"hosts":[],"iscryptd":false,"lastUpdateTime":663395,"lastWriteDate":0,"logicalSessionTimeoutMinutes":null,"maxBsonObjectSize":null,"maxMessageSizeBytes":null,"maxWireVersion":0,"maxWriteBatchSize":null,"me":null,"minRoundTripTime":0,"minWireVersion":0,"passives":[],"primary":null,"roundTripTime":-1,"setName":null,"setVersion":null,"tags":{},"topologyVersion":null,"type":"Unknown"}},"setName":"atlas-j2zdwj-shard-0","stale":false,"type":"ReplicaSetNoPrimary"},"stack":"MongoServerSelectionError: connection <monitor> to 159.41.197.31:27017 timed out\n    at Topology.selectServer (D:\\Chat Application\\Chat-Application\\server\\node_modules\\mongodb\\lib\\sdam\\topology.js:348:38)\n    at runNextTicks (node:internal/process/task_queues:65:5)\n    at listOnTimeout (node:internal/timers:567:9)\n    at process.processTimers (node:internal/timers:541:7)\n    at async executeOperationWithRetries (D:\\Chat Application\\Chat-Application\\server\\node_modules\\mongodb\\lib\\operations\\execute_operation.js:260:22)\n    at async executeOperation (D:\\Chat Application\\Chat-Application\\server\\node_modules\\mongodb\\lib\\operations\\execute_operation.js:83:16)\n    at async FindCursor._initialize (D:\\Chat Application\\Chat-Application\\server\\node_modules\\mongodb\\lib\\cursor\\find_cursor.js:62:26)\n    at async FindCursor.cursorInit (D:\\Chat Application\\Chat-Application\\server\\node_modules\\mongodb\\lib\\cursor\\abstract_cursor.js:620:27)\n    at async FindCursor.fetchBatch (D:\\Chat Application\\Chat-Application\\server\\node_modules\\mongodb\\lib\\cursor\\abstract_cursor.js:654:13)\n    at async FindCursor.next (D:\\Chat Application\\Chat-Application\\server\\node_modules\\mongodb\\lib\\cursor\\abstract_cursor.js:326:17)"}
{"cause":{"beforeHandshake":false,"errorLabelSet":{}},"errorLabelSet":{},"level":"error","message":"Join Chat Error: connection <monitor> to 159.41.197.31:27017 timed out","reason":{"commonWireVersion":25,"compatible":true,"heartbeatFrequencyMS":10000,"localThresholdMS":15,"logicalSessionTimeoutMinutes":null,"maxElectionId":{"$oid":"7fffffff000000000000013b"},"maxSetVersion":288,"servers":{"ac-ek6ww0d-shard-00-00.jjbmm4d.mongodb.net:27017":{"$clusterTime":null,"address":"ac-ek6ww0d-shard-00-00.jjbmm4d.mongodb.net:27017","arbiters":[],"electionId":null,"error":{"beforeHandshake":false,"errorLabelSet":{}},"hosts":[],"iscryptd":false,"lastUpdateTime":687226,"lastWriteDate":0,"logicalSessionTimeoutMinutes":null,"maxBsonObjectSize":null,"maxMessageSizeBytes":null,"maxWireVersion":0,"maxWriteBatchSize":null,"me":null,"minRoundTripTime":0,"minWireVersion":0,"passives":[],"primary":null,"roundTripTime":-1,"setName":null,"setVersion":null,"tags":{},"topologyVersion":null,"type":"Unknown"},"ac-ek6ww0d-shard-00-01.jjbmm4d.mongodb.net:27017":{"$clusterTime":null,"address":"ac-ek6ww0d-shard-00-01.jjbmm4d.mongodb.net:27017","arbiters":[],"electionId":null,"error":{"beforeHandshake":false,"errorLabelSet":{}},"hosts":[],"iscryptd":false,"lastUpdateTime":653898,"lastWriteDate":0,"logicalSessionTimeoutMinutes":null,"maxBsonObjectSize":null,"maxMessageSizeBytes":null,"maxWireVersion":0,"maxWriteBatchSize":null,"me":null,"minRoundTripTime":0,"minWireVersion":0,"passives":[],"primary":null,"roundTripTime":-1,"setName":null,"setVersion":null,"tags":{},"topologyVersion":null,"type":"Unknown"},"ac-ek6ww0d-shard-00-02.jjbmm4d.mongodb.net:27017":{"$clusterTime":null,"address":"ac-ek6ww0d-shard-00-02.jjbmm4d.mongodb.net:27017","arbiters":[],"electionId":null,"error":{"beforeHandshake":false,"errorLabelSet":{}},"hosts":[],"iscryptd":false,"lastUpdateTime":663395,"lastWriteDate":0,"logicalSessionTimeoutMinutes":null,"maxBsonObjectSize":null,"maxMessageSizeBytes":null,"maxWireVersion":0,"maxWriteBatchSize":null,"me":null,"minRoundTripTime":0,"minWireVersion":0,"passives":[],"primary":null,"roundTripTime":-1,"setName":null,"setVersion":null,"tags":{},"topologyVersion":null,"type":"Unknown"}},"setName":"atlas-j2zdwj-shard-0","stale":false,"type":"ReplicaSetNoPrimary"},"stack":"MongoServerSelectionError: connection <monitor> to 159.41.197.31:27017 timed out\n    at Topology.selectServer (D:\\Chat Application\\Chat-Application\\server\\node_modules\\mongodb\\lib\\sdam\\topology.js:348:38)\n    at runNextTicks (node:internal/process/task_queues:65:5)\n    at listOnTimeout (node:internal/timers:567:9)\n    at process.processTimers (node:internal/timers:541:7)\n    at async executeOperationWithRetries (D:\\Chat Application\\Chat-Application\\server\\node_modules\\mongodb\\lib\\operations\\execute_operation.js:260:22)\n    at async executeOperation (D:\\Chat Application\\Chat-Application\\server\\node_modules\\mongodb\\lib\\operations\\execute_operation.js:83:16)\n    at async FindCursor._initialize (D:\\Chat Application\\Chat-Application\\server\\node_modules\\mongodb\\lib\\cursor\\find_cursor.js:62:26)\n    at async FindCursor.cursorInit (D:\\Chat Application\\Chat-Application\\server\\node_modules\\mongodb\\lib\\cursor\\abstract_cursor.js:620:27)\n    at async FindCursor.fetchBatch (D:\\Chat Application\\Chat-Application\\server\\node_modules\\mongodb\\lib\\cursor\\abstract_cursor.js:654:13)\n    at async FindCursor.next (D:\\Chat Application\\Chat-Application\\server\\node_modules\\mongodb\\lib\\cursor\\abstract_cursor.js:326:17)"}
{"level":"info","message":"Socket Disconnected: wlYDUcxQsbLpceWrAAAW (User: 6a76ce85c11a4205f784951f)"}
{"cause":{"beforeHandshake":false,"errorLabelSet":{}},"errorLabelSet":{},"level":"error","message":"Mark Read Error: connection <monitor> to 159.41.197.31:27017 timed out","reason":{"commonWireVersion":25,"compatible":true,"heartbeatFrequencyMS":10000,"localThresholdMS":15,"logicalSessionTimeoutMinutes":null,"maxElectionId":{"$oid":"7fffffff000000000000013b"},"maxSetVersion":288,"servers":{"ac-ek6ww0d-shard-00-00.jjbmm4d.mongodb.net:27017":{"$clusterTime":null,"address":"ac-ek6ww0d-shard-00-00.jjbmm4d.mongodb.net:27017","arbiters":[],"electionId":null,"error":{"beforeHandshake":false,"errorLabelSet":{}},"hosts":[],"iscryptd":false,"lastUpdateTime":758205,"lastWriteDate":0,"logicalSessionTimeoutMinutes":null,"maxBsonObjectSize":null,"maxMessageSizeBytes":null,"maxWireVersion":0,"maxWriteBatchSize":null,"me":null,"minRoundTripTime":0,"minWireVersion":0,"passives":[],"primary":null,"roundTripTime":-1,"setName":null,"setVersion":null,"tags":{},"topologyVersion":null,"type":"Unknown"},"ac-ek6ww0d-shard-00-01.jjbmm4d.mongodb.net:27017":{"$clusterTime":null,"address":"ac-ek6ww0d-shard-00-01.jjbmm4d.mongodb.net:27017","arbiters":[],"electionId":null,"error":{"beforeHandshake":false,"errorLabelSet":{}},"hosts":[],"iscryptd":false,"lastUpdateTime":764717,"lastWriteDate":0,"logicalSessionTimeoutMinutes":null,"maxBsonObjectSize":null,"maxMessageSizeBytes":null,"maxWireVersion":0,"maxWriteBatchSize":null,"me":null,"minRoundTripTime":0,"minWireVersion":0,"passives":[],"primary":null,"roundTripTime":-1,"setName":null,"setVersion":null,"tags":{},"topologyVersion":null,"type":"Unknown"},"ac-ek6ww0d-shard-00-02.jjbmm4d.mongodb.net:27017":{"$clusterTime":null,"address":"ac-ek6ww0d-shard-00-02.jjbmm4d.mongodb.net:27017","arbiters":[],"electionId":null,"error":{"beforeHandshake":false,"errorLabelSet":{}},"hosts":[],"iscryptd":false,"lastUpdateTime":762476,"lastWriteDate":0,"logicalSessionTimeoutMinutes":null,"maxBsonObjectSize":null,"maxMessageSizeBytes":null,"maxWireVersion":0,"maxWriteBatchSize":null,"me":null,"minRoundTripTime":0,"minWireVersion":0,"passives":[],"primary":null,"roundTripTime":-1,"setName":null,"setVersion":null,"tags":{},"topologyVersion":null,"type":"Unknown"}},"setName":"atlas-j2zdwj-shard-0","stale":false,"type":"ReplicaSetNoPrimary"},"stack":"MongoServerSelectionError: connection <monitor> to 159.41.197.31:27017 timed out\n    at Topology.selectServer (D:\\Chat Application\\Chat-Application\\server\\node_modules\\mongodb\\lib\\sdam\\topology.js:348:38)\n    at runNextTicks (node:internal/process/task_queues:65:5)\n    at listOnTimeout (node:internal/timers:567:9)\n    at process.processTimers (node:internal/timers:541:7)\n    at async executeOperationWithRetries (D:\\Chat Application\\Chat-Application\\server\\node_modules\\mongodb\\lib\\operations\\execute_operation.js:260:22)\n    at async executeOperation (D:\\Chat Application\\Chat-Application\\server\\node_modules\\mongodb\\lib\\operations\\execute_operation.js:83:16)\n    at async FindCursor._initialize (D:\\Chat Application\\Chat-Application\\server\\node_modules\\mongodb\\lib\\cursor\\find_cursor.js:62:26)\n    at async FindCursor.cursorInit (D:\\Chat Application\\Chat-Application\\server\\node_modules\\mongodb\\lib\\cursor\\abstract_cursor.js:620:27)\n    at async FindCursor.fetchBatch (D:\\Chat Application\\Chat-Application\\server\\node_modules\\mongodb\\lib\\cursor\\abstract_cursor.js:654:13)\n    at async FindCursor.next (D:\\Chat Application\\Chat-Application\\server\\node_modules\\mongodb\\lib\\cursor\\abstract_cursor.js:326:17)"}
{"cause":{"beforeHandshake":false,"errorLabelSet":{}},"errorLabelSet":{},"level":"error","message":"Mark Read Error: connection <monitor> to 159.41.197.31:27017 timed out","reason":{"commonWireVersion":25,"compatible":true,"heartbeatFrequencyMS":10000,"localThresholdMS":15,"logicalSessionTimeoutMinutes":null,"maxElectionId":{"$oid":"7fffffff000000000000013b"},"maxSetVersion":288,"servers":{"ac-ek6ww0d-shard-00-00.jjbmm4d.mongodb.net:27017":{"$clusterTime":null,"address":"ac-ek6ww0d-shard-00-00.jjbmm4d.mongodb.net:27017","arbiters":[],"electionId":null,"error":{"beforeHandshake":false,"errorLabelSet":{}},"hosts":[],"iscryptd":false,"lastUpdateTime":758205,"lastWriteDate":0,"logicalSessionTimeoutMinutes":null,"maxBsonObjectSize":null,"maxMessageSizeBytes":null,"maxWireVersion":0,"maxWriteBatchSize":null,"me":null,"minRoundTripTime":0,"minWireVersion":0,"passives":[],"primary":null,"roundTripTime":-1,"setName":null,"setVersion":null,"tags":{},"topologyVersion":null,"type":"Unknown"},"ac-ek6ww0d-shard-00-01.jjbmm4d.mongodb.net:27017":{"$clusterTime":null,"address":"ac-ek6ww0d-shard-00-01.jjbmm4d.mongodb.net:27017","arbiters":[],"electionId":null,"error":{"beforeHandshake":false,"errorLabelSet":{}},"hosts":[],"iscryptd":false,"lastUpdateTime":764717,"lastWriteDate":0,"logicalSessionTimeoutMinutes":null,"maxBsonObjectSize":null,"maxMessageSizeBytes":null,"maxWireVersion":0,"maxWriteBatchSize":null,"me":null,"minRoundTripTime":0,"minWireVersion":0,"passives":[],"primary":null,"roundTripTime":-1,"setName":null,"setVersion":null,"tags":{},"topologyVersion":null,"type":"Unknown"},"ac-ek6ww0d-shard-00-02.jjbmm4d.mongodb.net:27017":{"$clusterTime":null,"address":"ac-ek6ww0d-shard-00-02.jjbmm4d.mongodb.net:27017","arbiters":[],"electionId":null,"error":{"beforeHandshake":false,"errorLabelSet":{}},"hosts":[],"iscryptd":false,"lastUpdateTime":762476,"lastWriteDate":0,"logicalSessionTimeoutMinutes":null,"maxBsonObjectSize":null,"maxMessageSizeBytes":null,"maxWireVersion":0,"maxWriteBatchSize":null,"me":null,"minRoundTripTime":0,"minWireVersion":0,"passives":[],"primary":null,"roundTripTime":-1,"setName":null,"setVersion":null,"tags":{},"topologyVersion":null,"type":"Unknown"}},"setName":"atlas-j2zdwj-shard-0","stale":false,"type":"ReplicaSetNoPrimary"},"stack":"MongoServerSelectionError: connection <monitor> to 159.41.197.31:27017 timed out\n    at Topology.selectServer (D:\\Chat Application\\Chat-Application\\server\\node_modules\\mongodb\\lib\\sdam\\topology.js:348:38)\n    at runNextTicks (node:internal/process/task_queues:65:5)\n    at listOnTimeout (node:internal/timers:567:9)\n    at process.processTimers (node:internal/timers:541:7)\n    at async executeOperationWithRetries (D:\\Chat Application\\Chat-Application\\server\\node_modules\\mongodb\\lib\\operations\\execute_operation.js:260:22)\n    at async executeOperation (D:\\Chat Application\\Chat-Application\\server\\node_modules\\mongodb\\lib\\operations\\execute_operation.js:83:16)\n    at async FindCursor._initialize (D:\\Chat Application\\Chat-Application\\server\\node_modules\\mongodb\\lib\\cursor\\find_cursor.js:62:26)\n    at async FindCursor.cursorInit (D:\\Chat Application\\Chat-Application\\server\\node_modules\\mongodb\\lib\\cursor\\abstract_cursor.js:620:27)\n    at async FindCursor.fetchBatch (D:\\Chat Application\\Chat-Application\\server\\node_modules\\mongodb\\lib\\cursor\\abstract_cursor.js:654:13)\n    at async FindCursor.next (D:\\Chat Application\\Chat-Application\\server\\node_modules\\mongodb\\lib\\cursor\\abstract_cursor.js:326:17)"}
{"cause":{"beforeHandshake":false,"errorLabelSet":{}},"errorLabelSet":{},"level":"error","message":"Send Message Error: connection <monitor> to 159.41.197.31:27017 timed out","reason":{"commonWireVersion":25,"compatible":true,"heartbeatFrequencyMS":10000,"localThresholdMS":15,"logicalSessionTimeoutMinutes":null,"maxElectionId":{"$oid":"7fffffff000000000000013b"},"maxSetVersion":288,"servers":{"ac-ek6ww0d-shard-00-00.jjbmm4d.mongodb.net:27017":{"$clusterTime":null,"address":"ac-ek6ww0d-shard-00-00.jjbmm4d.mongodb.net:27017","arbiters":[],"electionId":null,"error":{"beforeHandshake":false,"errorLabelSet":{}},"hosts":[],"iscryptd":false,"lastUpdateTime":758205,"lastWriteDate":0,"logicalSessionTimeoutMinutes":null,"maxBsonObjectSize":null,"maxMessageSizeBytes":null,"maxWireVersion":0,"maxWriteBatchSize":null,"me":null,"minRoundTripTime":0,"minWireVersion":0,"passives":[],"primary":null,"roundTripTime":-1,"setName":null,"setVersion":null,"tags":{},"topologyVersion":null,"type":"Unknown"},"ac-ek6ww0d-shard-00-01.jjbmm4d.mongodb.net:27017":{"$clusterTime":null,"address":"ac-ek6ww0d-shard-00-01.jjbmm4d.mongodb.net:27017","arbiters":[],"electionId":null,"error":{"beforeHandshake":false,"errorLabelSet":{}},"hosts":[],"iscryptd":false,"lastUpdateTime":764717,"lastWriteDate":0,"logicalSessionTimeoutMinutes":null,"maxBsonObjectSize":null,"maxMessageSizeBytes":null,"maxWireVersion":0,"maxWriteBatchSize":null,"me":null,"minRoundTripTime":0,"minWireVersion":0,"passives":[],"primary":null,"roundTripTime":-1,"setName":null,"setVersion":null,"tags":{},"topologyVersion":null,"type":"Unknown"},"ac-ek6ww0d-shard-00-02.jjbmm4d.mongodb.net:27017":{"$clusterTime":null,"address":"ac-ek6ww0d-shard-00-02.jjbmm4d.mongodb.net:27017","arbiters":[],"electionId":null,"error":{"beforeHandshake":false,"errorLabelSet":{}},"hosts":[],"iscryptd":false,"lastUpdateTime":762476,"lastWriteDate":0,"logicalSessionTimeoutMinutes":null,"maxBsonObjectSize":null,"maxMessageSizeBytes":null,"maxWireVersion":0,"maxWriteBatchSize":null,"me":null,"minRoundTripTime":0,"minWireVersion":0,"passives":[],"primary":null,"roundTripTime":-1,"setName":null,"setVersion":null,"tags":{},"topologyVersion":null,"type":"Unknown"}},"setName":"atlas-j2zdwj-shard-0","stale":false,"type":"ReplicaSetNoPrimary"},"stack":"MongoServerSelectionError: connection <monitor> to 159.41.197.31:27017 timed out\n    at Topology.selectServer (D:\\Chat Application\\Chat-Application\\server\\node_modules\\mongodb\\lib\\sdam\\topology.js:348:38)\n    at runNextTicks (node:internal/process/task_queues:65:5)\n    at listOnTimeout (node:internal/timers:567:9)\n    at process.processTimers (node:internal/timers:541:7)\n    at async executeOperationWithRetries (D:\\Chat Application\\Chat-Application\\server\\node_modules\\mongodb\\lib\\operations\\execute_operation.js:260:22)\n    at async executeOperation (D:\\Chat Application\\Chat-Application\\server\\node_modules\\mongodb\\lib\\operations\\execute_operation.js:83:16)\n    at async FindCursor._initialize (D:\\Chat Application\\Chat-Application\\server\\node_modules\\mongodb\\lib\\cursor\\find_cursor.js:62:26)\n    at async FindCursor.cursorInit (D:\\Chat Application\\Chat-Application\\server\\node_modules\\mongodb\\lib\\cursor\\abstract_cursor.js:620:27)\n    at async FindCursor.fetchBatch (D:\\Chat Application\\Chat-Application\\server\\node_modules\\mongodb\\lib\\cursor\\abstract_cursor.js:654:13)\n    at async FindCursor.next (D:\\Chat Application\\Chat-Application\\server\\node_modules\\mongodb\\lib\\cursor\\abstract_cursor.js:326:17)"}
{"cause":{"beforeHandshake":false,"errorLabelSet":{}},"errorLabelSet":{},"level":"error","message":"Join Chat Error: connection <monitor> to 159.41.197.31:27017 timed out","reason":{"commonWireVersion":25,"compatible":true,"heartbeatFrequencyMS":10000,"localThresholdMS":15,"logicalSessionTimeoutMinutes":null,"maxElectionId":{"$oid":"7fffffff000000000000013b"},"maxSetVersion":288,"servers":{"ac-ek6ww0d-shard-00-00.jjbmm4d.mongodb.net:27017":{"$clusterTime":null,"address":"ac-ek6ww0d-shard-00-00.jjbmm4d.mongodb.net:27017","arbiters":[],"electionId":null,"error":{"beforeHandshake":false,"errorLabelSet":{}},"hosts":[],"iscryptd":false,"lastUpdateTime":758205,"lastWriteDate":0,"logicalSessionTimeoutMinutes":null,"maxBsonObjectSize":null,"maxMessageSizeBytes":null,"maxWireVersion":0,"maxWriteBatchSize":null,"me":null,"minRoundTripTime":0,"minWireVersion":0,"passives":[],"primary":null,"roundTripTime":-1,"setName":null,"setVersion":null,"tags":{},"topologyVersion":null,"type":"Unknown"},"ac-ek6ww0d-shard-00-01.jjbmm4d.mongodb.net:27017":{"$clusterTime":null,"address":"ac-ek6ww0d-shard-00-01.jjbmm4d.mongodb.net:27017","arbiters":[],"electionId":null,"error":{"beforeHandshake":false,"errorLabelSet":{}},"hosts":[],"iscryptd":false,"lastUpdateTime":764717,"lastWriteDate":0,"logicalSessionTimeoutMinutes":null,"maxBsonObjectSize":null,"maxMessageSizeBytes":null,"maxWireVersion":0,"maxWriteBatchSize":null,"me":null,"minRoundTripTime":0,"minWireVersion":0,"passives":[],"primary":null,"roundTripTime":-1,"setName":null,"setVersion":null,"tags":{},"topologyVersion":null,"type":"Unknown"},"ac-ek6ww0d-shard-00-02.jjbmm4d.mongodb.net:27017":{"$clusterTime":null,"address":"ac-ek6ww0d-shard-00-02.jjbmm4d.mongodb.net:27017","arbiters":[],"electionId":null,"error":{"beforeHandshake":false,"errorLabelSet":{}},"hosts":[],"iscryptd":false,"lastUpdateTime":762476,"lastWriteDate":0,"logicalSessionTimeoutMinutes":null,"maxBsonObjectSize":null,"maxMessageSizeBytes":null,"maxWireVersion":0,"maxWriteBatchSize":null,"me":null,"minRoundTripTime":0,"minWireVersion":0,"passives":[],"primary":null,"roundTripTime":-1,"setName":null,"setVersion":null,"tags":{},"topologyVersion":null,"type":"Unknown"}},"setName":"atlas-j2zdwj-shard-0","stale":false,"type":"ReplicaSetNoPrimary"},"stack":"MongoServerSelectionError: connection <monitor> to 159.41.197.31:27017 timed out\n    at Topology.selectServer (D:\\Chat Application\\Chat-Application\\server\\node_modules\\mongodb\\lib\\sdam\\topology.js:348:38)\n    at runNextTicks (node:internal/process/task_queues:65:5)\n    at listOnTimeout (node:internal/timers:567:9)\n    at process.processTimers (node:internal/timers:541:7)\n    at async executeOperationWithRetries (D:\\Chat Application\\Chat-Application\\server\\node_modules\\mongodb\\lib\\operations\\execute_operation.js:260:22)\n    at async executeOperation (D:\\Chat Application\\Chat-Application\\server\\node_modules\\mongodb\\lib\\operations\\execute_operation.js:83:16)\n    at async FindCursor._initialize (D:\\Chat Application\\Chat-Application\\server\\node_modules\\mongodb\\lib\\cursor\\find_cursor.js:62:26)\n    at async FindCursor.cursorInit (D:\\Chat Application\\Chat-Application\\server\\node_modules\\mongodb\\lib\\cursor\\abstract_cursor.js:620:27)\n    at async FindCursor.fetchBatch (D:\\Chat Application\\Chat-Application\\server\\node_modules\\mongodb\\lib\\cursor\\abstract_cursor.js:654:13)\n    at async FindCursor.next (D:\\Chat Application\\Chat-Application\\server\\node_modules\\mongodb\\lib\\cursor\\abstract_cursor.js:326:17)"}
{"cause":{"beforeHandshake":false,"errorLabelSet":{}},"errorLabelSet":{},"level":"error","message":"Mark Read Error: connection <monitor> to 159.41.197.31:27017 timed out","reason":{"commonWireVersion":25,"compatible":true,"heartbeatFrequencyMS":10000,"localThresholdMS":15,"logicalSessionTimeoutMinutes":null,"maxElectionId":{"$oid":"7fffffff000000000000013b"},"maxSetVersion":288,"servers":{"ac-ek6ww0d-shard-00-00.jjbmm4d.mongodb.net:27017":{"$clusterTime":null,"address":"ac-ek6ww0d-shard-00-00.jjbmm4d.mongodb.net:27017","arbiters":[],"electionId":null,"error":{"beforeHandshake":false,"errorLabelSet":{}},"hosts":[],"iscryptd":false,"lastUpdateTime":758205,"lastWriteDate":0,"logicalSessionTimeoutMinutes":null,"maxBsonObjectSize":null,"maxMessageSizeBytes":null,"maxWireVersion":0,"maxWriteBatchSize":null,"me":null,"minRoundTripTime":0,"minWireVersion":0,"passives":[],"primary":null,"roundTripTime":-1,"setName":null,"setVersion":null,"tags":{},"topologyVersion":null,"type":"Unknown"},"ac-ek6ww0d-shard-00-01.jjbmm4d.mongodb.net:27017":{"$clusterTime":null,"address":"ac-ek6ww0d-shard-00-01.jjbmm4d.mongodb.net:27017","arbiters":[],"electionId":null,"error":{"beforeHandshake":false,"errorLabelSet":{}},"hosts":[],"iscryptd":false,"lastUpdateTime":764717,"lastWriteDate":0,"logicalSessionTimeoutMinutes":null,"maxBsonObjectSize":null,"maxMessageSizeBytes":null,"maxWireVersion":0,"maxWriteBatchSize":null,"me":null,"minRoundTripTime":0,"minWireVersion":0,"passives":[],"primary":null,"roundTripTime":-1,"setName":null,"setVersion":null,"tags":{},"topologyVersion":null,"type":"Unknown"},"ac-ek6ww0d-shard-00-02.jjbmm4d.mongodb.net:27017":{"$clusterTime":null,"address":"ac-ek6ww0d-shard-00-02.jjbmm4d.mongodb.net:27017","arbiters":[],"electionId":null,"error":{"beforeHandshake":false,"errorLabelSet":{}},"hosts":[],"iscryptd":false,"lastUpdateTime":762476,"lastWriteDate":0,"logicalSessionTimeoutMinutes":null,"maxBsonObjectSize":null,"maxMessageSizeBytes":null,"maxWireVersion":0,"maxWriteBatchSize":null,"me":null,"minRoundTripTime":0,"minWireVersion":0,"passives":[],"primary":null,"roundTripTime":-1,"setName":null,"setVersion":null,"tags":{},"topologyVersion":null,"type":"Unknown"}},"setName":"atlas-j2zdwj-shard-0","stale":false,"type":"ReplicaSetNoPrimary"},"stack":"MongoServerSelectionError: connection <monitor> to 159.41.197.31:27017 timed out\n    at Topology.selectServer (D:\\Chat Application\\Chat-Application\\server\\node_modules\\mongodb\\lib\\sdam\\topology.js:348:38)\n    at runNextTicks (node:internal/process/task_queues:65:5)\n    at listOnTimeout (node:internal/timers:567:9)\n    at process.processTimers (node:internal/timers:541:7)\n    at async executeOperationWithRetries (D:\\Chat Application\\Chat-Application\\server\\node_modules\\mongodb\\lib\\operations\\execute_operation.js:260:22)\n    at async executeOperation (D:\\Chat Application\\Chat-Application\\server\\node_modules\\mongodb\\lib\\operations\\execute_operation.js:83:16)\n    at async FindCursor._initialize (D:\\Chat Application\\Chat-Application\\server\\node_modules\\mongodb\\lib\\cursor\\find_cursor.js:62:26)\n    at async FindCursor.cursorInit (D:\\Chat Application\\Chat-Application\\server\\node_modules\\mongodb\\lib\\cursor\\abstract_cursor.js:620:27)\n    at async FindCursor.fetchBatch (D:\\Chat Application\\Chat-Application\\server\\node_modules\\mongodb\\lib\\cursor\\abstract_cursor.js:654:13)\n    at async FindCursor.next (D:\\Chat Application\\Chat-Application\\server\\node_modules\\mongodb\\lib\\cursor\\abstract_cursor.js:326:17)"}
{"cause":{"beforeHandshake":false,"errorLabelSet":{}},"errorLabelSet":{},"level":"error","message":"Join Chat Error: connection <monitor> to 159.41.197.31:27017 timed out","reason":{"commonWireVersion":25,"compatible":true,"heartbeatFrequencyMS":10000,"localThresholdMS":15,"logicalSessionTimeoutMinutes":null,"maxElectionId":{"$oid":"7fffffff000000000000013b"},"maxSetVersion":288,"servers":{"ac-ek6ww0d-shard-00-00.jjbmm4d.mongodb.net:27017":{"$clusterTime":null,"address":"ac-ek6ww0d-shard-00-00.jjbmm4d.mongodb.net:27017","arbiters":[],"electionId":null,"error":{"beforeHandshake":false,"errorLabelSet":{}},"hosts":[],"iscryptd":false,"lastUpdateTime":758205,"lastWriteDate":0,"logicalSessionTimeoutMinutes":null,"maxBsonObjectSize":null,"maxMessageSizeBytes":null,"maxWireVersion":0,"maxWriteBatchSize":null,"me":null,"minRoundTripTime":0,"minWireVersion":0,"passives":[],"primary":null,"roundTripTime":-1,"setName":null,"setVersion":null,"tags":{},"topologyVersion":null,"type":"Unknown"},"ac-ek6ww0d-shard-00-01.jjbmm4d.mongodb.net:27017":{"$clusterTime":null,"address":"ac-ek6ww0d-shard-00-01.jjbmm4d.mongodb.net:27017","arbiters":[],"electionId":null,"error":{"beforeHandshake":false,"errorLabelSet":{}},"hosts":[],"iscryptd":false,"lastUpdateTime":764717,"lastWriteDate":0,"logicalSessionTimeoutMinutes":null,"maxBsonObjectSize":null,"maxMessageSizeBytes":null,"maxWireVersion":0,"maxWriteBatchSize":null,"me":null,"minRoundTripTime":0,"minWireVersion":0,"passives":[],"primary":null,"roundTripTime":-1,"setName":null,"setVersion":null,"tags":{},"topologyVersion":null,"type":"Unknown"},"ac-ek6ww0d-shard-00-02.jjbmm4d.mongodb.net:27017":{"$clusterTime":null,"address":"ac-ek6ww0d-shard-00-02.jjbmm4d.mongodb.net:27017","arbiters":[],"electionId":null,"error":{"beforeHandshake":false,"errorLabelSet":{}},"hosts":[],"iscryptd":false,"lastUpdateTime":762476,"lastWriteDate":0,"logicalSessionTimeoutMinutes":null,"maxBsonObjectSize":null,"maxMessageSizeBytes":null,"maxWireVersion":0,"maxWriteBatchSize":null,"me":null,"minRoundTripTime":0,"minWireVersion":0,"passives":[],"primary":null,"roundTripTime":-1,"setName":null,"setVersion":null,"tags":{},"topologyVersion":null,"type":"Unknown"}},"setName":"atlas-j2zdwj-shard-0","stale":false,"type":"ReplicaSetNoPrimary"},"stack":"MongoServerSelectionError: connection <monitor> to 159.41.197.31:27017 timed out\n    at Topology.selectServer (D:\\Chat Application\\Chat-Application\\server\\node_modules\\mongodb\\lib\\sdam\\topology.js:348:38)\n    at runNextTicks (node:internal/process/task_queues:65:5)\n    at listOnTimeout (node:internal/timers:567:9)\n    at process.processTimers (node:internal/timers:541:7)\n    at async executeOperationWithRetries (D:\\Chat Application\\Chat-Application\\server\\node_modules\\mongodb\\lib\\operations\\execute_operation.js:260:22)\n    at async executeOperation (D:\\Chat Application\\Chat-Application\\server\\node_modules\\mongodb\\lib\\operations\\execute_operation.js:83:16)\n    at async FindCursor._initialize (D:\\Chat Application\\Chat-Application\\server\\node_modules\\mongodb\\lib\\cursor\\find_cursor.js:62:26)\n    at async FindCursor.cursorInit (D:\\Chat Application\\Chat-Application\\server\\node_modules\\mongodb\\lib\\cursor\\abstract_cursor.js:620:27)\n    at async FindCursor.fetchBatch (D:\\Chat Application\\Chat-Application\\server\\node_modules\\mongodb\\lib\\cursor\\abstract_cursor.js:654:13)\n    at async FindCursor.next (D:\\Chat Application\\Chat-Application\\server\\node_modules\\mongodb\\lib\\cursor\\abstract_cursor.js:326:17)"}
{"cause":{"beforeHandshake":false,"errorLabelSet":{}},"errorLabelSet":{},"level":"error","message":"Mark Read Error: connection <monitor> to 159.41.197.31:27017 timed out","reason":{"commonWireVersion":25,"compatible":true,"heartbeatFrequencyMS":10000,"localThresholdMS":15,"logicalSessionTimeoutMinutes":null,"maxElectionId":{"$oid":"7fffffff000000000000013b"},"maxSetVersion":288,"servers":{"ac-ek6ww0d-shard-00-00.jjbmm4d.mongodb.net:27017":{"$clusterTime":null,"address":"ac-ek6ww0d-shard-00-00.jjbmm4d.mongodb.net:27017","arbiters":[],"electionId":null,"error":{"beforeHandshake":false,"errorLabelSet":{}},"hosts":[],"iscryptd":false,"lastUpdateTime":758205,"lastWriteDate":0,"logicalSessionTimeoutMinutes":null,"maxBsonObjectSize":null,"maxMessageSizeBytes":null,"maxWireVersion":0,"maxWriteBatchSize":null,"me":null,"minRoundTripTime":0,"minWireVersion":0,"passives":[],"primary":null,"roundTripTime":-1,"setName":null,"setVersion":null,"tags":{},"topologyVersion":null,"type":"Unknown"},"ac-ek6ww0d-shard-00-01.jjbmm4d.mongodb.net:27017":{"$clusterTime":null,"address":"ac-ek6ww0d-shard-00-01.jjbmm4d.mongodb.net:27017","arbiters":[],"electionId":null,"error":{"beforeHandshake":false,"errorLabelSet":{}},"hosts":[],"iscryptd":false,"lastUpdateTime":764717,"lastWriteDate":0,"logicalSessionTimeoutMinutes":null,"maxBsonObjectSize":null,"maxMessageSizeBytes":null,"maxWireVersion":0,"maxWriteBatchSize":null,"me":null,"minRoundTripTime":0,"minWireVersion":0,"passives":[],"primary":null,"roundTripTime":-1,"setName":null,"setVersion":null,"tags":{},"topologyVersion":null,"type":"Unknown"},"ac-ek6ww0d-shard-00-02.jjbmm4d.mongodb.net:27017":{"$clusterTime":null,"address":"ac-ek6ww0d-shard-00-02.jjbmm4d.mongodb.net:27017","arbiters":[],"electionId":null,"error":{"beforeHandshake":false,"errorLabelSet":{}},"hosts":[],"iscryptd":false,"lastUpdateTime":762476,"lastWriteDate":0,"logicalSessionTimeoutMinutes":null,"maxBsonObjectSize":null,"maxMessageSizeBytes":null,"maxWireVersion":0,"maxWriteBatchSize":null,"me":null,"minRoundTripTime":0,"minWireVersion":0,"passives":[],"primary":null,"roundTripTime":-1,"setName":null,"setVersion":null,"tags":{},"topologyVersion":null,"type":"Unknown"}},"setName":"atlas-j2zdwj-shard-0","stale":false,"type":"ReplicaSetNoPrimary"},"stack":"MongoServerSelectionError: connection <monitor> to 159.41.197.31:27017 timed out\n    at Topology.selectServer (D:\\Chat Application\\Chat-Application\\server\\node_modules\\mongodb\\lib\\sdam\\topology.js:348:38)\n    at runNextTicks (node:internal/process/task_queues:65:5)\n    at listOnTimeout (node:internal/timers:567:9)\n    at process.processTimers (node:internal/timers:541:7)\n    at async executeOperationWithRetries (D:\\Chat Application\\Chat-Application\\server\\node_modules\\mongodb\\lib\\operations\\execute_operation.js:260:22)\n    at async executeOperation (D:\\Chat Application\\Chat-Application\\server\\node_modules\\mongodb\\lib\\operations\\execute_operation.js:83:16)\n    at async FindCursor._initialize (D:\\Chat Application\\Chat-Application\\server\\node_modules\\mongodb\\lib\\cursor\\find_cursor.js:62:26)\n    at async FindCursor.cursorInit (D:\\Chat Application\\Chat-Application\\server\\node_modules\\mongodb\\lib\\cursor\\abstract_cursor.js:620:27)\n    at async FindCursor.fetchBatch (D:\\Chat Application\\Chat-Application\\server\\node_modules\\mongodb\\lib\\cursor\\abstract_cursor.js:654:13)\n    at async FindCursor.next (D:\\Chat Application\\Chat-Application\\server\\node_modules\\mongodb\\lib\\cursor\\abstract_cursor.js:326:17)"}
{"cause":{"beforeHandshake":false,"errorLabelSet":{}},"errorLabelSet":{},"level":"error","message":"Join Chat Error: connection <monitor> to 159.41.197.31:27017 timed out","reason":{"commonWireVersion":25,"compatible":true,"heartbeatFrequencyMS":10000,"localThresholdMS":15,"logicalSessionTimeoutMinutes":null,"maxElectionId":{"$oid":"7fffffff000000000000013b"},"maxSetVersion":288,"servers":{"ac-ek6ww0d-shard-00-00.jjbmm4d.mongodb.net:27017":{"$clusterTime":null,"address":"ac-ek6ww0d-shard-00-00.jjbmm4d.mongodb.net:27017","arbiters":[],"electionId":null,"error":{"beforeHandshake":false,"errorLabelSet":{}},"hosts":[],"iscryptd":false,"lastUpdateTime":758205,"lastWriteDate":0,"logicalSessionTimeoutMinutes":null,"maxBsonObjectSize":null,"maxMessageSizeBytes":null,"maxWireVersion":0,"maxWriteBatchSize":null,"me":null,"minRoundTripTime":0,"minWireVersion":0,"passives":[],"primary":null,"roundTripTime":-1,"setName":null,"setVersion":null,"tags":{},"topologyVersion":null,"type":"Unknown"},"ac-ek6ww0d-shard-00-01.jjbmm4d.mongodb.net:27017":{"$clusterTime":null,"address":"ac-ek6ww0d-shard-00-01.jjbmm4d.mongodb.net:27017","arbiters":[],"electionId":null,"error":{"beforeHandshake":false,"errorLabelSet":{}},"hosts":[],"iscryptd":false,"lastUpdateTime":764717,"lastWriteDate":0,"logicalSessionTimeoutMinutes":null,"maxBsonObjectSize":null,"maxMessageSizeBytes":null,"maxWireVersion":0,"maxWriteBatchSize":null,"me":null,"minRoundTripTime":0,"minWireVersion":0,"passives":[],"primary":null,"roundTripTime":-1,"setName":null,"setVersion":null,"tags":{},"topologyVersion":null,"type":"Unknown"},"ac-ek6ww0d-shard-00-02.jjbmm4d.mongodb.net:27017":{"$clusterTime":null,"address":"ac-ek6ww0d-shard-00-02.jjbmm4d.mongodb.net:27017","arbiters":[],"electionId":null,"error":{"beforeHandshake":false,"errorLabelSet":{}},"hosts":[],"iscryptd":false,"lastUpdateTime":762476,"lastWriteDate":0,"logicalSessionTimeoutMinutes":null,"maxBsonObjectSize":null,"maxMessageSizeBytes":null,"maxWireVersion":0,"maxWriteBatchSize":null,"me":null,"minRoundTripTime":0,"minWireVersion":0,"passives":[],"primary":null,"roundTripTime":-1,"setName":null,"setVersion":null,"tags":{},"topologyVersion":null,"type":"Unknown"}},"setName":"atlas-j2zdwj-shard-0","stale":false,"type":"ReplicaSetNoPrimary"},"stack":"MongoServerSelectionError: connection <monitor> to 159.41.197.31:27017 timed out\n    at Topology.selectServer (D:\\Chat Application\\Chat-Application\\server\\node_modules\\mongodb\\lib\\sdam\\topology.js:348:38)\n    at runNextTicks (node:internal/process/task_queues:65:5)\n    at listOnTimeout (node:internal/timers:567:9)\n    at process.processTimers (node:internal/timers:541:7)\n    at async executeOperationWithRetries (D:\\Chat Application\\Chat-Application\\server\\node_modules\\mongodb\\lib\\operations\\execute_operation.js:260:22)\n    at async executeOperation (D:\\Chat Application\\Chat-Application\\server\\node_modules\\mongodb\\lib\\operations\\execute_operation.js:83:16)\n    at async FindCursor._initialize (D:\\Chat Application\\Chat-Application\\server\\node_modules\\mongodb\\lib\\cursor\\find_cursor.js:62:26)\n    at async FindCursor.cursorInit (D:\\Chat Application\\Chat-Application\\server\\node_modules\\mongodb\\lib\\cursor\\abstract_cursor.js:620:27)\n    at async FindCursor.fetchBatch (D:\\Chat Application\\Chat-Application\\server\\node_modules\\mongodb\\lib\\cursor\\abstract_cursor.js:654:13)\n    at async FindCursor.next (D:\\Chat Application\\Chat-Application\\server\\node_modules\\mongodb\\lib\\cursor\\abstract_cursor.js:326:17)"}
{"cause":{"beforeHandshake":false,"errorLabelSet":{}},"errorLabelSet":{},"level":"error","message":"Mark Read Error: connection <monitor> to 159.41.197.31:27017 timed out","reason":{"commonWireVersion":25,"compatible":true,"heartbeatFrequencyMS":10000,"localThresholdMS":15,"logicalSessionTimeoutMinutes":null,"maxElectionId":{"$oid":"7fffffff000000000000013b"},"maxSetVersion":288,"servers":{"ac-ek6ww0d-shard-00-00.jjbmm4d.mongodb.net:27017":{"$clusterTime":null,"address":"ac-ek6ww0d-shard-00-00.jjbmm4d.mongodb.net:27017","arbiters":[],"electionId":null,"error":{"beforeHandshake":false,"errorLabelSet":{}},"hosts":[],"iscryptd":false,"lastUpdateTime":758205,"lastWriteDate":0,"logicalSessionTimeoutMinutes":null,"maxBsonObjectSize":null,"maxMessageSizeBytes":null,"maxWireVersion":0,"maxWriteBatchSize":null,"me":null,"minRoundTripTime":0,"minWireVersion":0,"passives":[],"primary":null,"roundTripTime":-1,"setName":null,"setVersion":null,"tags":{},"topologyVersion":null,"type":"Unknown"},"ac-ek6ww0d-shard-00-01.jjbmm4d.mongodb.net:27017":{"$clusterTime":null,"address":"ac-ek6ww0d-shard-00-01.jjbmm4d.mongodb.net:27017","arbiters":[],"electionId":null,"error":{"beforeHandshake":false,"errorLabelSet":{}},"hosts":[],"iscryptd":false,"lastUpdateTime":764717,"lastWriteDate":0,"logicalSessionTimeoutMinutes":null,"maxBsonObjectSize":null,"maxMessageSizeBytes":null,"maxWireVersion":0,"maxWriteBatchSize":null,"me":null,"minRoundTripTime":0,"minWireVersion":0,"passives":[],"primary":null,"roundTripTime":-1,"setName":null,"setVersion":null,"tags":{},"topologyVersion":null,"type":"Unknown"},"ac-ek6ww0d-shard-00-02.jjbmm4d.mongodb.net:27017":{"$clusterTime":null,"address":"ac-ek6ww0d-shard-00-02.jjbmm4d.mongodb.net:27017","arbiters":[],"electionId":null,"error":{"beforeHandshake":false,"errorLabelSet":{}},"hosts":[],"iscryptd":false,"lastUpdateTime":762476,"lastWriteDate":0,"logicalSessionTimeoutMinutes":null,"maxBsonObjectSize":null,"maxMessageSizeBytes":null,"maxWireVersion":0,"maxWriteBatchSize":null,"me":null,"minRoundTripTime":0,"minWireVersion":0,"passives":[],"primary":null,"roundTripTime":-1,"setName":null,"setVersion":null,"tags":{},"topologyVersion":null,"type":"Unknown"}},"setName":"atlas-j2zdwj-shard-0","stale":false,"type":"ReplicaSetNoPrimary"},"stack":"MongoServerSelectionError: connection <monitor> to 159.41.197.31:27017 timed out\n    at Topology.selectServer (D:\\Chat Application\\Chat-Application\\server\\node_modules\\mongodb\\lib\\sdam\\topology.js:348:38)\n    at runNextTicks (node:internal/process/task_queues:65:5)\n    at listOnTimeout (node:internal/timers:567:9)\n    at process.processTimers (node:internal/timers:541:7)\n    at async executeOperationWithRetries (D:\\Chat Application\\Chat-Application\\server\\node_modules\\mongodb\\lib\\operations\\execute_operation.js:260:22)\n    at async executeOperation (D:\\Chat Application\\Chat-Application\\server\\node_modules\\mongodb\\lib\\operations\\execute_operation.js:83:16)\n    at async FindCursor._initialize (D:\\Chat Application\\Chat-Application\\server\\node_modules\\mongodb\\lib\\cursor\\find_cursor.js:62:26)\n    at async FindCursor.cursorInit (D:\\Chat Application\\Chat-Application\\server\\node_modules\\mongodb\\lib\\cursor\\abstract_cursor.js:620:27)\n    at async FindCursor.fetchBatch (D:\\Chat Application\\Chat-Application\\server\\node_modules\\mongodb\\lib\\cursor\\abstract_cursor.js:654:13)\n    at async FindCursor.next (D:\\Chat Application\\Chat-Application\\server\\node_modules\\mongodb\\lib\\cursor\\abstract_cursor.js:326:17)"}
{"cause":{"beforeHandshake":false,"errorLabelSet":{}},"errorLabelSet":{},"level":"error","message":"Join Chat Error: connection <monitor> to 159.41.197.31:27017 timed out","reason":{"commonWireVersion":25,"compatible":true,"heartbeatFrequencyMS":10000,"localThresholdMS":15,"logicalSessionTimeoutMinutes":null,"maxElectionId":{"$oid":"7fffffff000000000000013b"},"maxSetVersion":288,"servers":{"ac-ek6ww0d-shard-00-00.jjbmm4d.mongodb.net:27017":{"$clusterTime":null,"address":"ac-ek6ww0d-shard-00-00.jjbmm4d.mongodb.net:27017","arbiters":[],"electionId":null,"error":{"beforeHandshake":false,"errorLabelSet":{}},"hosts":[],"iscryptd":false,"lastUpdateTime":758205,"lastWriteDate":0,"logicalSessionTimeoutMinutes":null,"maxBsonObjectSize":null,"maxMessageSizeBytes":null,"maxWireVersion":0,"maxWriteBatchSize":null,"me":null,"minRoundTripTime":0,"minWireVersion":0,"passives":[],"primary":null,"roundTripTime":-1,"setName":null,"setVersion":null,"tags":{},"topologyVersion":null,"type":"Unknown"},"ac-ek6ww0d-shard-00-01.jjbmm4d.mongodb.net:27017":{"$clusterTime":null,"address":"ac-ek6ww0d-shard-00-01.jjbmm4d.mongodb.net:27017","arbiters":[],"electionId":null,"error":{"beforeHandshake":false,"errorLabelSet":{}},"hosts":[],"iscryptd":false,"lastUpdateTime":764717,"lastWriteDate":0,"logicalSessionTimeoutMinutes":null,"maxBsonObjectSize":null,"maxMessageSizeBytes":null,"maxWireVersion":0,"maxWriteBatchSize":null,"me":null,"minRoundTripTime":0,"minWireVersion":0,"passives":[],"primary":null,"roundTripTime":-1,"setName":null,"setVersion":null,"tags":{},"topologyVersion":null,"type":"Unknown"},"ac-ek6ww0d-shard-00-02.jjbmm4d.mongodb.net:27017":{"$clusterTime":null,"address":"ac-ek6ww0d-shard-00-02.jjbmm4d.mongodb.net:27017","arbiters":[],"electionId":null,"error":{"beforeHandshake":false,"errorLabelSet":{}},"hosts":[],"iscryptd":false,"lastUpdateTime":762476,"lastWriteDate":0,"logicalSessionTimeoutMinutes":null,"maxBsonObjectSize":null,"maxMessageSizeBytes":null,"maxWireVersion":0,"maxWriteBatchSize":null,"me":null,"minRoundTripTime":0,"minWireVersion":0,"passives":[],"primary":null,"roundTripTime":-1,"setName":null,"setVersion":null,"tags":{},"topologyVersion":null,"type":"Unknown"}},"setName":"atlas-j2zdwj-shard-0","stale":false,"type":"ReplicaSetNoPrimary"},"stack":"MongoServerSelectionError: connection <monitor> to 159.41.197.31:27017 timed out\n    at Topology.selectServer (D:\\Chat Application\\Chat-Application\\server\\node_modules\\mongodb\\lib\\sdam\\topology.js:348:38)\n    at runNextTicks (node:internal/process/task_queues:65:5)\n    at listOnTimeout (node:internal/timers:567:9)\n    at process.processTimers (node:internal/timers:541:7)\n    at async executeOperationWithRetries (D:\\Chat Application\\Chat-Application\\server\\node_modules\\mongodb\\lib\\operations\\execute_operation.js:260:22)\n    at async executeOperation (D:\\Chat Application\\Chat-Application\\server\\node_modules\\mongodb\\lib\\operations\\execute_operation.js:83:16)\n    at async FindCursor._initialize (D:\\Chat Application\\Chat-Application\\server\\node_modules\\mongodb\\lib\\cursor\\find_cursor.js:62:26)\n    at async FindCursor.cursorInit (D:\\Chat Application\\Chat-Application\\server\\node_modules\\mongodb\\lib\\cursor\\abstract_cursor.js:620:27)\n    at async FindCursor.fetchBatch (D:\\Chat Application\\Chat-Application\\server\\node_modules\\mongodb\\lib\\cursor\\abstract_cursor.js:654:13)\n    at async FindCursor.next (D:\\Chat Application\\Chat-Application\\server\\node_modules\\mongodb\\lib\\cursor\\abstract_cursor.js:326:17)"}
{"cause":{"beforeHandshake":false,"errorLabelSet":{}},"errorLabelSet":{},"level":"error","message":"Mark Read Error: connection <monitor> to 159.41.197.31:27017 timed out","reason":{"commonWireVersion":25,"compatible":true,"heartbeatFrequencyMS":10000,"localThresholdMS":15,"logicalSessionTimeoutMinutes":null,"maxElectionId":{"$oid":"7fffffff000000000000013b"},"maxSetVersion":288,"servers":{"ac-ek6ww0d-shard-00-00.jjbmm4d.mongodb.net:27017":{"$clusterTime":null,"address":"ac-ek6ww0d-shard-00-00.jjbmm4d.mongodb.net:27017","arbiters":[],"electionId":null,"error":{"beforeHandshake":false,"errorLabelSet":{}},"hosts":[],"iscryptd":false,"lastUpdateTime":758205,"lastWriteDate":0,"logicalSessionTimeoutMinutes":null,"maxBsonObjectSize":null,"maxMessageSizeBytes":null,"maxWireVersion":0,"maxWriteBatchSize":null,"me":null,"minRoundTripTime":0,"minWireVersion":0,"passives":[],"primary":null,"roundTripTime":-1,"setName":null,"setVersion":null,"tags":{},"topologyVersion":null,"type":"Unknown"},"ac-ek6ww0d-shard-00-01.jjbmm4d.mongodb.net:27017":{"$clusterTime":null,"address":"ac-ek6ww0d-shard-00-01.jjbmm4d.mongodb.net:27017","arbiters":[],"electionId":null,"error":{"beforeHandshake":false,"errorLabelSet":{}},"hosts":[],"iscryptd":false,"lastUpdateTime":764717,"lastWriteDate":0,"logicalSessionTimeoutMinutes":null,"maxBsonObjectSize":null,"maxMessageSizeBytes":null,"maxWireVersion":0,"maxWriteBatchSize":null,"me":null,"minRoundTripTime":0,"minWireVersion":0,"passives":[],"primary":null,"roundTripTime":-1,"setName":null,"setVersion":null,"tags":{},"topologyVersion":null,"type":"Unknown"},"ac-ek6ww0d-shard-00-02.jjbmm4d.mongodb.net:27017":{"$clusterTime":null,"address":"ac-ek6ww0d-shard-00-02.jjbmm4d.mongodb.net:27017","arbiters":[],"electionId":null,"error":{"beforeHandshake":false,"errorLabelSet":{}},"hosts":[],"iscryptd":false,"lastUpdateTime":762476,"lastWriteDate":0,"logicalSessionTimeoutMinutes":null,"maxBsonObjectSize":null,"maxMessageSizeBytes":null,"maxWireVersion":0,"maxWriteBatchSize":null,"me":null,"minRoundTripTime":0,"minWireVersion":0,"passives":[],"primary":null,"roundTripTime":-1,"setName":null,"setVersion":null,"tags":{},"topologyVersion":null,"type":"Unknown"}},"setName":"atlas-j2zdwj-shard-0","stale":false,"type":"ReplicaSetNoPrimary"},"stack":"MongoServerSelectionError: connection <monitor> to 159.41.197.31:27017 timed out\n    at Topology.selectServer (D:\\Chat Application\\Chat-Application\\server\\node_modules\\mongodb\\lib\\sdam\\topology.js:348:38)\n    at runNextTicks (node:internal/process/task_queues:65:5)\n    at listOnTimeout (node:internal/timers:567:9)\n    at process.processTimers (node:internal/timers:541:7)\n    at async executeOperationWithRetries (D:\\Chat Application\\Chat-Application\\server\\node_modules\\mongodb\\lib\\operations\\execute_operation.js:260:22)\n    at async executeOperation (D:\\Chat Application\\Chat-Application\\server\\node_modules\\mongodb\\lib\\operations\\execute_operation.js:83:16)\n    at async FindCursor._initialize (D:\\Chat Application\\Chat-Application\\server\\node_modules\\mongodb\\lib\\cursor\\find_cursor.js:62:26)\n    at async FindCursor.cursorInit (D:\\Chat Application\\Chat-Application\\server\\node_modules\\mongodb\\lib\\cursor\\abstract_cursor.js:620:27)\n    at async FindCursor.fetchBatch (D:\\Chat Application\\Chat-Application\\server\\node_modules\\mongodb\\lib\\cursor\\abstract_cursor.js:654:13)\n    at async FindCursor.next (D:\\Chat Application\\Chat-Application\\server\\node_modules\\mongodb\\lib\\cursor\\abstract_cursor.js:326:17)"}
{"cause":{"beforeHandshake":false,"errorLabelSet":{}},"errorLabelSet":{},"level":"error","message":"Send Message Error: connection <monitor> to 159.41.197.31:27017 timed out","reason":{"commonWireVersion":25,"compatible":true,"heartbeatFrequencyMS":10000,"localThresholdMS":15,"logicalSessionTimeoutMinutes":null,"maxElectionId":{"$oid":"7fffffff000000000000013b"},"maxSetVersion":288,"servers":{"ac-ek6ww0d-shard-00-00.jjbmm4d.mongodb.net:27017":{"$clusterTime":null,"address":"ac-ek6ww0d-shard-00-00.jjbmm4d.mongodb.net:27017","arbiters":[],"electionId":null,"error":{"beforeHandshake":false,"errorLabelSet":{}},"hosts":[],"iscryptd":false,"lastUpdateTime":758205,"lastWriteDate":0,"logicalSessionTimeoutMinutes":null,"maxBsonObjectSize":null,"maxMessageSizeBytes":null,"maxWireVersion":0,"maxWriteBatchSize":null,"me":null,"minRoundTripTime":0,"minWireVersion":0,"passives":[],"primary":null,"roundTripTime":-1,"setName":null,"setVersion":null,"tags":{},"topologyVersion":null,"type":"Unknown"},"ac-ek6ww0d-shard-00-01.jjbmm4d.mongodb.net:27017":{"$clusterTime":null,"address":"ac-ek6ww0d-shard-00-01.jjbmm4d.mongodb.net:27017","arbiters":[],"electionId":null,"error":{"beforeHandshake":false,"errorLabelSet":{}},"hosts":[],"iscryptd":false,"lastUpdateTime":764717,"lastWriteDate":0,"logicalSessionTimeoutMinutes":null,"maxBsonObjectSize":null,"maxMessageSizeBytes":null,"maxWireVersion":0,"maxWriteBatchSize":null,"me":null,"minRoundTripTime":0,"minWireVersion":0,"passives":[],"primary":null,"roundTripTime":-1,"setName":null,"setVersion":null,"tags":{},"topologyVersion":null,"type":"Unknown"},"ac-ek6ww0d-shard-00-02.jjbmm4d.mongodb.net:27017":{"$clusterTime":null,"address":"ac-ek6ww0d-shard-00-02.jjbmm4d.mongodb.net:27017","arbiters":[],"electionId":null,"error":{"beforeHandshake":false,"errorLabelSet":{}},"hosts":[],"iscryptd":false,"lastUpdateTime":762476,"lastWriteDate":0,"logicalSessionTimeoutMinutes":null,"maxBsonObjectSize":null,"maxMessageSizeBytes":null,"maxWireVersion":0,"maxWriteBatchSize":null,"me":null,"minRoundTripTime":0,"minWireVersion":0,"passives":[],"primary":null,"roundTripTime":-1,"setName":null,"setVersion":null,"tags":{},"topologyVersion":null,"type":"Unknown"}},"setName":"atlas-j2zdwj-shard-0","stale":false,"type":"ReplicaSetNoPrimary"},"stack":"MongoServerSelectionError: connection <monitor> to 159.41.197.31:27017 timed out\n    at Topology.selectServer (D:\\Chat Application\\Chat-Application\\server\\node_modules\\mongodb\\lib\\sdam\\topology.js:348:38)\n    at runNextTicks (node:internal/process/task_queues:65:5)\n    at listOnTimeout (node:internal/timers:567:9)\n    at process.processTimers (node:internal/timers:541:7)\n    at async executeOperationWithRetries (D:\\Chat Application\\Chat-Application\\server\\node_modules\\mongodb\\lib\\operations\\execute_operation.js:260:22)\n    at async executeOperation (D:\\Chat Application\\Chat-Application\\server\\node_modules\\mongodb\\lib\\operations\\execute_operation.js:83:16)\n    at async FindCursor._initialize (D:\\Chat Application\\Chat-Application\\server\\node_modules\\mongodb\\lib\\cursor\\find_cursor.js:62:26)\n    at async FindCursor.cursorInit (D:\\Chat Application\\Chat-Application\\server\\node_modules\\mongodb\\lib\\cursor\\abstract_cursor.js:620:27)\n    at async FindCursor.fetchBatch (D:\\Chat Application\\Chat-Application\\server\\node_modules\\mongodb\\lib\\cursor\\abstract_cursor.js:654:13)\n    at async FindCursor.next (D:\\Chat Application\\Chat-Application\\server\\node_modules\\mongodb\\lib\\cursor\\abstract_cursor.js:326:17)"}
{"cause":{"beforeHandshake":false,"errorLabelSet":{}},"errorLabelSet":{},"level":"error","message":"Join Chat Error: connection <monitor> to 159.41.197.31:27017 timed out","reason":{"commonWireVersion":25,"compatible":true,"heartbeatFrequencyMS":10000,"localThresholdMS":15,"logicalSessionTimeoutMinutes":null,"maxElectionId":{"$oid":"7fffffff000000000000013b"},"maxSetVersion":288,"servers":{"ac-ek6ww0d-shard-00-00.jjbmm4d.mongodb.net:27017":{"$clusterTime":null,"address":"ac-ek6ww0d-shard-00-00.jjbmm4d.mongodb.net:27017","arbiters":[],"electionId":null,"error":{"beforeHandshake":false,"errorLabelSet":{}},"hosts":[],"iscryptd":false,"lastUpdateTime":758205,"lastWriteDate":0,"logicalSessionTimeoutMinutes":null,"maxBsonObjectSize":null,"maxMessageSizeBytes":null,"maxWireVersion":0,"maxWriteBatchSize":null,"me":null,"minRoundTripTime":0,"minWireVersion":0,"passives":[],"primary":null,"roundTripTime":-1,"setName":null,"setVersion":null,"tags":{},"topologyVersion":null,"type":"Unknown"},"ac-ek6ww0d-shard-00-01.jjbmm4d.mongodb.net:27017":{"$clusterTime":null,"address":"ac-ek6ww0d-shard-00-01.jjbmm4d.mongodb.net:27017","arbiters":[],"electionId":null,"error":{"beforeHandshake":false,"errorLabelSet":{}},"hosts":[],"iscryptd":false,"lastUpdateTime":764717,"lastWriteDate":0,"logicalSessionTimeoutMinutes":null,"maxBsonObjectSize":null,"maxMessageSizeBytes":null,"maxWireVersion":0,"maxWriteBatchSize":null,"me":null,"minRoundTripTime":0,"minWireVersion":0,"passives":[],"primary":null,"roundTripTime":-1,"setName":null,"setVersion":null,"tags":{},"topologyVersion":null,"type":"Unknown"},"ac-ek6ww0d-shard-00-02.jjbmm4d.mongodb.net:27017":{"$clusterTime":null,"address":"ac-ek6ww0d-shard-00-02.jjbmm4d.mongodb.net:27017","arbiters":[],"electionId":null,"error":{"beforeHandshake":false,"errorLabelSet":{}},"hosts":[],"iscryptd":false,"lastUpdateTime":762476,"lastWriteDate":0,"logicalSessionTimeoutMinutes":null,"maxBsonObjectSize":null,"maxMessageSizeBytes":null,"maxWireVersion":0,"maxWriteBatchSize":null,"me":null,"minRoundTripTime":0,"minWireVersion":0,"passives":[],"primary":null,"roundTripTime":-1,"setName":null,"setVersion":null,"tags":{},"topologyVersion":null,"type":"Unknown"}},"setName":"atlas-j2zdwj-shard-0","stale":false,"type":"ReplicaSetNoPrimary"},"stack":"MongoServerSelectionError: connection <monitor> to 159.41.197.31:27017 timed out\n    at Topology.selectServer (D:\\Chat Application\\Chat-Application\\server\\node_modules\\mongodb\\lib\\sdam\\topology.js:348:38)\n    at runNextTicks (node:internal/process/task_queues:65:5)\n    at listOnTimeout (node:internal/timers:567:9)\n    at process.processTimers (node:internal/timers:541:7)\n    at async executeOperationWithRetries (D:\\Chat Application\\Chat-Application\\server\\node_modules\\mongodb\\lib\\operations\\execute_operation.js:260:22)\n    at async executeOperation (D:\\Chat Application\\Chat-Application\\server\\node_modules\\mongodb\\lib\\operations\\execute_operation.js:83:16)\n    at async FindCursor._initialize (D:\\Chat Application\\Chat-Application\\server\\node_modules\\mongodb\\lib\\cursor\\find_cursor.js:62:26)\n    at async FindCursor.cursorInit (D:\\Chat Application\\Chat-Application\\server\\node_modules\\mongodb\\lib\\cursor\\abstract_cursor.js:620:27)\n    at async FindCursor.fetchBatch (D:\\Chat Application\\Chat-Application\\server\\node_modules\\mongodb\\lib\\cursor\\abstract_cursor.js:654:13)\n    at async FindCursor.next (D:\\Chat Application\\Chat-Application\\server\\node_modules\\mongodb\\lib\\cursor\\abstract_cursor.js:326:17)"}
{"cause":{"beforeHandshake":false,"errorLabelSet":{}},"errorLabelSet":{},"level":"error","message":"Mark Read Error: connection <monitor> to 159.41.197.31:27017 timed out","reason":{"commonWireVersion":25,"compatible":true,"heartbeatFrequencyMS":10000,"localThresholdMS":15,"logicalSessionTimeoutMinutes":null,"maxElectionId":{"$oid":"7fffffff000000000000013b"},"maxSetVersion":288,"servers":{"ac-ek6ww0d-shard-00-00.jjbmm4d.mongodb.net:27017":{"$clusterTime":null,"address":"ac-ek6ww0d-shard-00-00.jjbmm4d.mongodb.net:27017","arbiters":[],"electionId":null,"error":{"beforeHandshake":false,"errorLabelSet":{}},"hosts":[],"iscryptd":false,"lastUpdateTime":758205,"lastWriteDate":0,"logicalSessionTimeoutMinutes":null,"maxBsonObjectSize":null,"maxMessageSizeBytes":null,"maxWireVersion":0,"maxWriteBatchSize":null,"me":null,"minRoundTripTime":0,"minWireVersion":0,"passives":[],"primary":null,"roundTripTime":-1,"setName":null,"setVersion":null,"tags":{},"topologyVersion":null,"type":"Unknown"},"ac-ek6ww0d-shard-00-01.jjbmm4d.mongodb.net:27017":{"$clusterTime":null,"address":"ac-ek6ww0d-shard-00-01.jjbmm4d.mongodb.net:27017","arbiters":[],"electionId":null,"error":{"beforeHandshake":false,"errorLabelSet":{}},"hosts":[],"iscryptd":false,"lastUpdateTime":764717,"lastWriteDate":0,"logicalSessionTimeoutMinutes":null,"maxBsonObjectSize":null,"maxMessageSizeBytes":null,"maxWireVersion":0,"maxWriteBatchSize":null,"me":null,"minRoundTripTime":0,"minWireVersion":0,"passives":[],"primary":null,"roundTripTime":-1,"setName":null,"setVersion":null,"tags":{},"topologyVersion":null,"type":"Unknown"},"ac-ek6ww0d-shard-00-02.jjbmm4d.mongodb.net:27017":{"$clusterTime":null,"address":"ac-ek6ww0d-shard-00-02.jjbmm4d.mongodb.net:27017","arbiters":[],"electionId":null,"error":{"beforeHandshake":false,"errorLabelSet":{}},"hosts":[],"iscryptd":false,"lastUpdateTime":762476,"lastWriteDate":0,"logicalSessionTimeoutMinutes":null,"maxBsonObjectSize":null,"maxMessageSizeBytes":null,"maxWireVersion":0,"maxWriteBatchSize":null,"me":null,"minRoundTripTime":0,"minWireVersion":0,"passives":[],"primary":null,"roundTripTime":-1,"setName":null,"setVersion":null,"tags":{},"topologyVersion":null,"type":"Unknown"}},"setName":"atlas-j2zdwj-shard-0","stale":false,"type":"ReplicaSetNoPrimary"},"stack":"MongoServerSelectionError: connection <monitor> to 159.41.197.31:27017 timed out\n    at Topology.selectServer (D:\\Chat Application\\Chat-Application\\server\\node_modules\\mongodb\\lib\\sdam\\topology.js:348:38)\n    at runNextTicks (node:internal/process/task_queues:65:5)\n    at listOnTimeout (node:internal/timers:567:9)\n    at process.processTimers (node:internal/timers:541:7)\n    at async executeOperationWithRetries (D:\\Chat Application\\Chat-Application\\server\\node_modules\\mongodb\\lib\\operations\\execute_operation.js:260:22)\n    at async executeOperation (D:\\Chat Application\\Chat-Application\\server\\node_modules\\mongodb\\lib\\operations\\execute_operation.js:83:16)\n    at async FindCursor._initialize (D:\\Chat Application\\Chat-Application\\server\\node_modules\\mongodb\\lib\\cursor\\find_cursor.js:62:26)\n    at async FindCursor.cursorInit (D:\\Chat Application\\Chat-Application\\server\\node_modules\\mongodb\\lib\\cursor\\abstract_cursor.js:620:27)\n    at async FindCursor.fetchBatch (D:\\Chat Application\\Chat-Application\\server\\node_modules\\mongodb\\lib\\cursor\\abstract_cursor.js:654:13)\n    at async FindCursor.next (D:\\Chat Application\\Chat-Application\\server\\node_modules\\mongodb\\lib\\cursor\\abstract_cursor.js:326:17)"}
{"cause":{"beforeHandshake":false,"errorLabelSet":{}},"errorLabelSet":{},"level":"error","message":"Join Chat Error: connection <monitor> to 159.41.197.31:27017 timed out","reason":{"commonWireVersion":25,"compatible":true,"heartbeatFrequencyMS":10000,"localThresholdMS":15,"logicalSessionTimeoutMinutes":null,"maxElectionId":{"$oid":"7fffffff000000000000013b"},"maxSetVersion":288,"servers":{"ac-ek6ww0d-shard-00-00.jjbmm4d.mongodb.net:27017":{"$clusterTime":null,"address":"ac-ek6ww0d-shard-00-00.jjbmm4d.mongodb.net:27017","arbiters":[],"electionId":null,"error":{"beforeHandshake":false,"errorLabelSet":{}},"hosts":[],"iscryptd":false,"lastUpdateTime":758205,"lastWriteDate":0,"logicalSessionTimeoutMinutes":null,"maxBsonObjectSize":null,"maxMessageSizeBytes":null,"maxWireVersion":0,"maxWriteBatchSize":null,"me":null,"minRoundTripTime":0,"minWireVersion":0,"passives":[],"primary":null,"roundTripTime":-1,"setName":null,"setVersion":null,"tags":{},"topologyVersion":null,"type":"Unknown"},"ac-ek6ww0d-shard-00-01.jjbmm4d.mongodb.net:27017":{"$clusterTime":null,"address":"ac-ek6ww0d-shard-00-01.jjbmm4d.mongodb.net:27017","arbiters":[],"electionId":null,"error":{"beforeHandshake":false,"errorLabelSet":{}},"hosts":[],"iscryptd":false,"lastUpdateTime":764717,"lastWriteDate":0,"logicalSessionTimeoutMinutes":null,"maxBsonObjectSize":null,"maxMessageSizeBytes":null,"maxWireVersion":0,"maxWriteBatchSize":null,"me":null,"minRoundTripTime":0,"minWireVersion":0,"passives":[],"primary":null,"roundTripTime":-1,"setName":null,"setVersion":null,"tags":{},"topologyVersion":null,"type":"Unknown"},"ac-ek6ww0d-shard-00-02.jjbmm4d.mongodb.net:27017":{"$clusterTime":null,"address":"ac-ek6ww0d-shard-00-02.jjbmm4d.mongodb.net:27017","arbiters":[],"electionId":null,"error":{"beforeHandshake":false,"errorLabelSet":{}},"hosts":[],"iscryptd":false,"lastUpdateTime":762476,"lastWriteDate":0,"logicalSessionTimeoutMinutes":null,"maxBsonObjectSize":null,"maxMessageSizeBytes":null,"maxWireVersion":0,"maxWriteBatchSize":null,"me":null,"minRoundTripTime":0,"minWireVersion":0,"passives":[],"primary":null,"roundTripTime":-1,"setName":null,"setVersion":null,"tags":{},"topologyVersion":null,"type":"Unknown"}},"setName":"atlas-j2zdwj-shard-0","stale":false,"type":"ReplicaSetNoPrimary"},"stack":"MongoServerSelectionError: connection <monitor> to 159.41.197.31:27017 timed out\n    at Topology.selectServer (D:\\Chat Application\\Chat-Application\\server\\node_modules\\mongodb\\lib\\sdam\\topology.js:348:38)\n    at runNextTicks (node:internal/process/task_queues:65:5)\n    at listOnTimeout (node:internal/timers:567:9)\n    at process.processTimers (node:internal/timers:541:7)\n    at async executeOperationWithRetries (D:\\Chat Application\\Chat-Application\\server\\node_modules\\mongodb\\lib\\operations\\execute_operation.js:260:22)\n    at async executeOperation (D:\\Chat Application\\Chat-Application\\server\\node_modules\\mongodb\\lib\\operations\\execute_operation.js:83:16)\n    at async FindCursor._initialize (D:\\Chat Application\\Chat-Application\\server\\node_modules\\mongodb\\lib\\cursor\\find_cursor.js:62:26)\n    at async FindCursor.cursorInit (D:\\Chat Application\\Chat-Application\\server\\node_modules\\mongodb\\lib\\cursor\\abstract_cursor.js:620:27)\n    at async FindCursor.fetchBatch (D:\\Chat Application\\Chat-Application\\server\\node_modules\\mongodb\\lib\\cursor\\abstract_cursor.js:654:13)\n    at async FindCursor.next (D:\\Chat Application\\Chat-Application\\server\\node_modules\\mongodb\\lib\\cursor\\abstract_cursor.js:326:17)"}
{"cause":{"beforeHandshake":false,"errorLabelSet":{}},"errorLabelSet":{},"level":"error","message":"Mark Read Error: connection <monitor> to 159.41.197.31:27017 timed out","reason":{"commonWireVersion":25,"compatible":true,"heartbeatFrequencyMS":10000,"localThresholdMS":15,"logicalSessionTimeoutMinutes":null,"maxElectionId":{"$oid":"7fffffff000000000000013b"},"maxSetVersion":288,"servers":{"ac-ek6ww0d-shard-00-00.jjbmm4d.mongodb.net:27017":{"$clusterTime":null,"address":"ac-ek6ww0d-shard-00-00.jjbmm4d.mongodb.net:27017","arbiters":[],"electionId":null,"error":{"beforeHandshake":false,"errorLabelSet":{}},"hosts":[],"iscryptd":false,"lastUpdateTime":758205,"lastWriteDate":0,"logicalSessionTimeoutMinutes":null,"maxBsonObjectSize":null,"maxMessageSizeBytes":null,"maxWireVersion":0,"maxWriteBatchSize":null,"me":null,"minRoundTripTime":0,"minWireVersion":0,"passives":[],"primary":null,"roundTripTime":-1,"setName":null,"setVersion":null,"tags":{},"topologyVersion":null,"type":"Unknown"},"ac-ek6ww0d-shard-00-01.jjbmm4d.mongodb.net:27017":{"$clusterTime":null,"address":"ac-ek6ww0d-shard-00-01.jjbmm4d.mongodb.net:27017","arbiters":[],"electionId":null,"error":{"beforeHandshake":false,"errorLabelSet":{}},"hosts":[],"iscryptd":false,"lastUpdateTime":764717,"lastWriteDate":0,"logicalSessionTimeoutMinutes":null,"maxBsonObjectSize":null,"maxMessageSizeBytes":null,"maxWireVersion":0,"maxWriteBatchSize":null,"me":null,"minRoundTripTime":0,"minWireVersion":0,"passives":[],"primary":null,"roundTripTime":-1,"setName":null,"setVersion":null,"tags":{},"topologyVersion":null,"type":"Unknown"},"ac-ek6ww0d-shard-00-02.jjbmm4d.mongodb.net:27017":{"$clusterTime":null,"address":"ac-ek6ww0d-shard-00-02.jjbmm4d.mongodb.net:27017","arbiters":[],"electionId":null,"error":{"beforeHandshake":false,"errorLabelSet":{}},"hosts":[],"iscryptd":false,"lastUpdateTime":762476,"lastWriteDate":0,"logicalSessionTimeoutMinutes":null,"maxBsonObjectSize":null,"maxMessageSizeBytes":null,"maxWireVersion":0,"maxWriteBatchSize":null,"me":null,"minRoundTripTime":0,"minWireVersion":0,"passives":[],"primary":null,"roundTripTime":-1,"setName":null,"setVersion":null,"tags":{},"topologyVersion":null,"type":"Unknown"}},"setName":"atlas-j2zdwj-shard-0","stale":false,"type":"ReplicaSetNoPrimary"},"stack":"MongoServerSelectionError: connection <monitor> to 159.41.197.31:27017 timed out\n    at Topology.selectServer (D:\\Chat Application\\Chat-Application\\server\\node_modules\\mongodb\\lib\\sdam\\topology.js:348:38)\n    at runNextTicks (node:internal/process/task_queues:65:5)\n    at listOnTimeout (node:internal/timers:567:9)\n    at process.processTimers (node:internal/timers:541:7)\n    at async executeOperationWithRetries (D:\\Chat Application\\Chat-Application\\server\\node_modules\\mongodb\\lib\\operations\\execute_operation.js:260:22)\n    at async executeOperation (D:\\Chat Application\\Chat-Application\\server\\node_modules\\mongodb\\lib\\operations\\execute_operation.js:83:16)\n    at async FindCursor._initialize (D:\\Chat Application\\Chat-Application\\server\\node_modules\\mongodb\\lib\\cursor\\find_cursor.js:62:26)\n    at async FindCursor.cursorInit (D:\\Chat Application\\Chat-Application\\server\\node_modules\\mongodb\\lib\\cursor\\abstract_cursor.js:620:27)\n    at async FindCursor.fetchBatch (D:\\Chat Application\\Chat-Application\\server\\node_modules\\mongodb\\lib\\cursor\\abstract_cursor.js:654:13)\n    at async FindCursor.next (D:\\Chat Application\\Chat-Application\\server\\node_modules\\mongodb\\lib\\cursor\\abstract_cursor.js:326:17)"}
{"cause":{"beforeHandshake":false,"errorLabelSet":{}},"errorLabelSet":{},"level":"error","message":"Join Chat Error: connection <monitor> to 159.41.197.31:27017 timed out","reason":{"commonWireVersion":25,"compatible":true,"heartbeatFrequencyMS":10000,"localThresholdMS":15,"logicalSessionTimeoutMinutes":null,"maxElectionId":{"$oid":"7fffffff000000000000013b"},"maxSetVersion":288,"servers":{"ac-ek6ww0d-shard-00-00.jjbmm4d.mongodb.net:27017":{"$clusterTime":null,"address":"ac-ek6ww0d-shard-00-00.jjbmm4d.mongodb.net:27017","arbiters":[],"electionId":null,"error":{"beforeHandshake":false,"errorLabelSet":{}},"hosts":[],"iscryptd":false,"lastUpdateTime":758205,"lastWriteDate":0,"logicalSessionTimeoutMinutes":null,"maxBsonObjectSize":null,"maxMessageSizeBytes":null,"maxWireVersion":0,"maxWriteBatchSize":null,"me":null,"minRoundTripTime":0,"minWireVersion":0,"passives":[],"primary":null,"roundTripTime":-1,"setName":null,"setVersion":null,"tags":{},"topologyVersion":null,"type":"Unknown"},"ac-ek6ww0d-shard-00-01.jjbmm4d.mongodb.net:27017":{"$clusterTime":null,"address":"ac-ek6ww0d-shard-00-01.jjbmm4d.mongodb.net:27017","arbiters":[],"electionId":null,"error":{"beforeHandshake":false,"errorLabelSet":{}},"hosts":[],"iscryptd":false,"lastUpdateTime":764717,"lastWriteDate":0,"logicalSessionTimeoutMinutes":null,"maxBsonObjectSize":null,"maxMessageSizeBytes":null,"maxWireVersion":0,"maxWriteBatchSize":null,"me":null,"minRoundTripTime":0,"minWireVersion":0,"passives":[],"primary":null,"roundTripTime":-1,"setName":null,"setVersion":null,"tags":{},"topologyVersion":null,"type":"Unknown"},"ac-ek6ww0d-shard-00-02.jjbmm4d.mongodb.net:27017":{"$clusterTime":null,"address":"ac-ek6ww0d-shard-00-02.jjbmm4d.mongodb.net:27017","arbiters":[],"electionId":null,"error":{"beforeHandshake":false,"errorLabelSet":{}},"hosts":[],"iscryptd":false,"lastUpdateTime":762476,"lastWriteDate":0,"logicalSessionTimeoutMinutes":null,"maxBsonObjectSize":null,"maxMessageSizeBytes":null,"maxWireVersion":0,"maxWriteBatchSize":null,"me":null,"minRoundTripTime":0,"minWireVersion":0,"passives":[],"primary":null,"roundTripTime":-1,"setName":null,"setVersion":null,"tags":{},"topologyVersion":null,"type":"Unknown"}},"setName":"atlas-j2zdwj-shard-0","stale":false,"type":"ReplicaSetNoPrimary"},"stack":"MongoServerSelectionError: connection <monitor> to 159.41.197.31:27017 timed out\n    at Topology.selectServer (D:\\Chat Application\\Chat-Application\\server\\node_modules\\mongodb\\lib\\sdam\\topology.js:348:38)\n    at runNextTicks (node:internal/process/task_queues:65:5)\n    at listOnTimeout (node:internal/timers:567:9)\n    at process.processTimers (node:internal/timers:541:7)\n    at async executeOperationWithRetries (D:\\Chat Application\\Chat-Application\\server\\node_modules\\mongodb\\lib\\operations\\execute_operation.js:260:22)\n    at async executeOperation (D:\\Chat Application\\Chat-Application\\server\\node_modules\\mongodb\\lib\\operations\\execute_operation.js:83:16)\n    at async FindCursor._initialize (D:\\Chat Application\\Chat-Application\\server\\node_modules\\mongodb\\lib\\cursor\\find_cursor.js:62:26)\n    at async FindCursor.cursorInit (D:\\Chat Application\\Chat-Application\\server\\node_modules\\mongodb\\lib\\cursor\\abstract_cursor.js:620:27)\n    at async FindCursor.fetchBatch (D:\\Chat Application\\Chat-Application\\server\\node_modules\\mongodb\\lib\\cursor\\abstract_cursor.js:654:13)\n    at async FindCursor.next (D:\\Chat Application\\Chat-Application\\server\\node_modules\\mongodb\\lib\\cursor\\abstract_cursor.js:326:17)"}
{"cause":{"beforeHandshake":false,"errorLabelSet":{}},"errorLabelSet":{},"level":"error","message":"Mark Read Error: connection <monitor> to 159.41.197.31:27017 timed out","reason":{"commonWireVersion":25,"compatible":true,"heartbeatFrequencyMS":10000,"localThresholdMS":15,"logicalSessionTimeoutMinutes":null,"maxElectionId":{"$oid":"7fffffff000000000000013b"},"maxSetVersion":288,"servers":{"ac-ek6ww0d-shard-00-00.jjbmm4d.mongodb.net:27017":{"$clusterTime":null,"address":"ac-ek6ww0d-shard-00-00.jjbmm4d.mongodb.net:27017","arbiters":[],"electionId":null,"error":{"beforeHandshake":false,"errorLabelSet":{}},"hosts":[],"iscryptd":false,"lastUpdateTime":758205,"lastWriteDate":0,"logicalSessionTimeoutMinutes":null,"maxBsonObjectSize":null,"maxMessageSizeBytes":null,"maxWireVersion":0,"maxWriteBatchSize":null,"me":null,"minRoundTripTime":0,"minWireVersion":0,"passives":[],"primary":null,"roundTripTime":-1,"setName":null,"setVersion":null,"tags":{},"topologyVersion":null,"type":"Unknown"},"ac-ek6ww0d-shard-00-01.jjbmm4d.mongodb.net:27017":{"$clusterTime":null,"address":"ac-ek6ww0d-shard-00-01.jjbmm4d.mongodb.net:27017","arbiters":[],"electionId":null,"error":{"beforeHandshake":false,"errorLabelSet":{}},"hosts":[],"iscryptd":false,"lastUpdateTime":764717,"lastWriteDate":0,"logicalSessionTimeoutMinutes":null,"maxBsonObjectSize":null,"maxMessageSizeBytes":null,"maxWireVersion":0,"maxWriteBatchSize":null,"me":null,"minRoundTripTime":0,"minWireVersion":0,"passives":[],"primary":null,"roundTripTime":-1,"setName":null,"setVersion":null,"tags":{},"topologyVersion":null,"type":"Unknown"},"ac-ek6ww0d-shard-00-02.jjbmm4d.mongodb.net:27017":{"$clusterTime":null,"address":"ac-ek6ww0d-shard-00-02.jjbmm4d.mongodb.net:27017","arbiters":[],"electionId":null,"error":{"beforeHandshake":false,"errorLabelSet":{}},"hosts":[],"iscryptd":false,"lastUpdateTime":762476,"lastWriteDate":0,"logicalSessionTimeoutMinutes":null,"maxBsonObjectSize":null,"maxMessageSizeBytes":null,"maxWireVersion":0,"maxWriteBatchSize":null,"me":null,"minRoundTripTime":0,"minWireVersion":0,"passives":[],"primary":null,"roundTripTime":-1,"setName":null,"setVersion":null,"tags":{},"topologyVersion":null,"type":"Unknown"}},"setName":"atlas-j2zdwj-shard-0","stale":false,"type":"ReplicaSetNoPrimary"},"stack":"MongoServerSelectionError: connection <monitor> to 159.41.197.31:27017 timed out\n    at Topology.selectServer (D:\\Chat Application\\Chat-Application\\server\\node_modules\\mongodb\\lib\\sdam\\topology.js:348:38)\n    at runNextTicks (node:internal/process/task_queues:65:5)\n    at listOnTimeout (node:internal/timers:567:9)\n    at process.processTimers (node:internal/timers:541:7)\n    at async executeOperationWithRetries (D:\\Chat Application\\Chat-Application\\server\\node_modules\\mongodb\\lib\\operations\\execute_operation.js:260:22)\n    at async executeOperation (D:\\Chat Application\\Chat-Application\\server\\node_modules\\mongodb\\lib\\operations\\execute_operation.js:83:16)\n    at async FindCursor._initialize (D:\\Chat Application\\Chat-Application\\server\\node_modules\\mongodb\\lib\\cursor\\find_cursor.js:62:26)\n    at async FindCursor.cursorInit (D:\\Chat Application\\Chat-Application\\server\\node_modules\\mongodb\\lib\\cursor\\abstract_cursor.js:620:27)\n    at async FindCursor.fetchBatch (D:\\Chat Application\\Chat-Application\\server\\node_modules\\mongodb\\lib\\cursor\\abstract_cursor.js:654:13)\n    at async FindCursor.next (D:\\Chat Application\\Chat-Application\\server\\node_modules\\mongodb\\lib\\cursor\\abstract_cursor.js:326:17)"}
{"cause":{"beforeHandshake":false,"errorLabelSet":{}},"errorLabelSet":{},"level":"error","message":"Join Chat Error: connection <monitor> to 159.41.197.31:27017 timed out","reason":{"commonWireVersion":25,"compatible":true,"heartbeatFrequencyMS":10000,"localThresholdMS":15,"logicalSessionTimeoutMinutes":null,"maxElectionId":{"$oid":"7fffffff000000000000013b"},"maxSetVersion":288,"servers":{"ac-ek6ww0d-shard-00-00.jjbmm4d.mongodb.net:27017":{"$clusterTime":null,"address":"ac-ek6ww0d-shard-00-00.jjbmm4d.mongodb.net:27017","arbiters":[],"electionId":null,"error":{"beforeHandshake":false,"errorLabelSet":{}},"hosts":[],"iscryptd":false,"lastUpdateTime":758205,"lastWriteDate":0,"logicalSessionTimeoutMinutes":null,"maxBsonObjectSize":null,"maxMessageSizeBytes":null,"maxWireVersion":0,"maxWriteBatchSize":null,"me":null,"minRoundTripTime":0,"minWireVersion":0,"passives":[],"primary":null,"roundTripTime":-1,"setName":null,"setVersion":null,"tags":{},"topologyVersion":null,"type":"Unknown"},"ac-ek6ww0d-shard-00-01.jjbmm4d.mongodb.net:27017":{"$clusterTime":null,"address":"ac-ek6ww0d-shard-00-01.jjbmm4d.mongodb.net:27017","arbiters":[],"electionId":null,"error":{"beforeHandshake":false,"errorLabelSet":{}},"hosts":[],"iscryptd":false,"lastUpdateTime":764717,"lastWriteDate":0,"logicalSessionTimeoutMinutes":null,"maxBsonObjectSize":null,"maxMessageSizeBytes":null,"maxWireVersion":0,"maxWriteBatchSize":null,"me":null,"minRoundTripTime":0,"minWireVersion":0,"passives":[],"primary":null,"roundTripTime":-1,"setName":null,"setVersion":null,"tags":{},"topologyVersion":null,"type":"Unknown"},"ac-ek6ww0d-shard-00-02.jjbmm4d.mongodb.net:27017":{"$clusterTime":null,"address":"ac-ek6ww0d-shard-00-02.jjbmm4d.mongodb.net:27017","arbiters":[],"electionId":null,"error":{"beforeHandshake":false,"errorLabelSet":{}},"hosts":[],"iscryptd":false,"lastUpdateTime":762476,"lastWriteDate":0,"logicalSessionTimeoutMinutes":null,"maxBsonObjectSize":null,"maxMessageSizeBytes":null,"maxWireVersion":0,"maxWriteBatchSize":null,"me":null,"minRoundTripTime":0,"minWireVersion":0,"passives":[],"primary":null,"roundTripTime":-1,"setName":null,"setVersion":null,"tags":{},"topologyVersion":null,"type":"Unknown"}},"setName":"atlas-j2zdwj-shard-0","stale":false,"type":"ReplicaSetNoPrimary"},"stack":"MongoServerSelectionError: connection <monitor> to 159.41.197.31:27017 timed out\n    at Topology.selectServer (D:\\Chat Application\\Chat-Application\\server\\node_modules\\mongodb\\lib\\sdam\\topology.js:348:38)\n    at runNextTicks (node:internal/process/task_queues:65:5)\n    at listOnTimeout (node:internal/timers:567:9)\n    at process.processTimers (node:internal/timers:541:7)\n    at async executeOperationWithRetries (D:\\Chat Application\\Chat-Application\\server\\node_modules\\mongodb\\lib\\operations\\execute_operation.js:260:22)\n    at async executeOperation (D:\\Chat Application\\Chat-Application\\server\\node_modules\\mongodb\\lib\\operations\\execute_operation.js:83:16)\n    at async FindCursor._initialize (D:\\Chat Application\\Chat-Application\\server\\node_modules\\mongodb\\lib\\cursor\\find_cursor.js:62:26)\n    at async FindCursor.cursorInit (D:\\Chat Application\\Chat-Application\\server\\node_modules\\mongodb\\lib\\cursor\\abstract_cursor.js:620:27)\n    at async FindCursor.fetchBatch (D:\\Chat Application\\Chat-Application\\server\\node_modules\\mongodb\\lib\\cursor\\abstract_cursor.js:654:13)\n    at async FindCursor.next (D:\\Chat Application\\Chat-Application\\server\\node_modules\\mongodb\\lib\\cursor\\abstract_cursor.js:326:17)"}
{"cause":{"beforeHandshake":false,"errorLabelSet":{}},"errorLabelSet":{},"level":"error","message":"Mark Read Error: connection <monitor> to 159.41.197.31:27017 timed out","reason":{"commonWireVersion":25,"compatible":true,"heartbeatFrequencyMS":10000,"localThresholdMS":15,"logicalSessionTimeoutMinutes":null,"maxElectionId":{"$oid":"7fffffff000000000000013b"},"maxSetVersion":288,"servers":{"ac-ek6ww0d-shard-00-00.jjbmm4d.mongodb.net:27017":{"$clusterTime":null,"address":"ac-ek6ww0d-shard-00-00.jjbmm4d.mongodb.net:27017","arbiters":[],"electionId":null,"error":{"beforeHandshake":false,"errorLabelSet":{}},"hosts":[],"iscryptd":false,"lastUpdateTime":758205,"lastWriteDate":0,"logicalSessionTimeoutMinutes":null,"maxBsonObjectSize":null,"maxMessageSizeBytes":null,"maxWireVersion":0,"maxWriteBatchSize":null,"me":null,"minRoundTripTime":0,"minWireVersion":0,"passives":[],"primary":null,"roundTripTime":-1,"setName":null,"setVersion":null,"tags":{},"topologyVersion":null,"type":"Unknown"},"ac-ek6ww0d-shard-00-01.jjbmm4d.mongodb.net:27017":{"$clusterTime":null,"address":"ac-ek6ww0d-shard-00-01.jjbmm4d.mongodb.net:27017","arbiters":[],"electionId":null,"error":{"beforeHandshake":false,"errorLabelSet":{}},"hosts":[],"iscryptd":false,"lastUpdateTime":764717,"lastWriteDate":0,"logicalSessionTimeoutMinutes":null,"maxBsonObjectSize":null,"maxMessageSizeBytes":null,"maxWireVersion":0,"maxWriteBatchSize":null,"me":null,"minRoundTripTime":0,"minWireVersion":0,"passives":[],"primary":null,"roundTripTime":-1,"setName":null,"setVersion":null,"tags":{},"topologyVersion":null,"type":"Unknown"},"ac-ek6ww0d-shard-00-02.jjbmm4d.mongodb.net:27017":{"$clusterTime":null,"address":"ac-ek6ww0d-shard-00-02.jjbmm4d.mongodb.net:27017","arbiters":[],"electionId":null,"error":{"beforeHandshake":false,"errorLabelSet":{}},"hosts":[],"iscryptd":false,"lastUpdateTime":762476,"lastWriteDate":0,"logicalSessionTimeoutMinutes":null,"maxBsonObjectSize":null,"maxMessageSizeBytes":null,"maxWireVersion":0,"maxWriteBatchSize":null,"me":null,"minRoundTripTime":0,"minWireVersion":0,"passives":[],"primary":null,"roundTripTime":-1,"setName":null,"setVersion":null,"tags":{},"topologyVersion":null,"type":"Unknown"}},"setName":"atlas-j2zdwj-shard-0","stale":false,"type":"ReplicaSetNoPrimary"},"stack":"MongoServerSelectionError: connection <monitor> to 159.41.197.31:27017 timed out\n    at Topology.selectServer (D:\\Chat Application\\Chat-Application\\server\\node_modules\\mongodb\\lib\\sdam\\topology.js:348:38)\n    at runNextTicks (node:internal/process/task_queues:65:5)\n    at listOnTimeout (node:internal/timers:567:9)\n    at process.processTimers (node:internal/timers:541:7)\n    at async executeOperationWithRetries (D:\\Chat Application\\Chat-Application\\server\\node_modules\\mongodb\\lib\\operations\\execute_operation.js:260:22)\n    at async executeOperation (D:\\Chat Application\\Chat-Application\\server\\node_modules\\mongodb\\lib\\operations\\execute_operation.js:83:16)\n    at async FindCursor._initialize (D:\\Chat Application\\Chat-Application\\server\\node_modules\\mongodb\\lib\\cursor\\find_cursor.js:62:26)\n    at async FindCursor.cursorInit (D:\\Chat Application\\Chat-Application\\server\\node_modules\\mongodb\\lib\\cursor\\abstract_cursor.js:620:27)\n    at async FindCursor.fetchBatch (D:\\Chat Application\\Chat-Application\\server\\node_modules\\mongodb\\lib\\cursor\\abstract_cursor.js:654:13)\n    at async FindCursor.next (D:\\Chat Application\\Chat-Application\\server\\node_modules\\mongodb\\lib\\cursor\\abstract_cursor.js:326:17)"}
{"cause":{"beforeHandshake":false,"errorLabelSet":{}},"errorLabelSet":{},"level":"error","message":"Join Chat Error: connection <monitor> to 159.41.197.31:27017 timed out","reason":{"commonWireVersion":25,"compatible":true,"heartbeatFrequencyMS":10000,"localThresholdMS":15,"logicalSessionTimeoutMinutes":null,"maxElectionId":{"$oid":"7fffffff000000000000013b"},"maxSetVersion":288,"servers":{"ac-ek6ww0d-shard-00-00.jjbmm4d.mongodb.net:27017":{"$clusterTime":null,"address":"ac-ek6ww0d-shard-00-00.jjbmm4d.mongodb.net:27017","arbiters":[],"electionId":null,"error":{"beforeHandshake":false,"errorLabelSet":{}},"hosts":[],"iscryptd":false,"lastUpdateTime":758205,"lastWriteDate":0,"logicalSessionTimeoutMinutes":null,"maxBsonObjectSize":null,"maxMessageSizeBytes":null,"maxWireVersion":0,"maxWriteBatchSize":null,"me":null,"minRoundTripTime":0,"minWireVersion":0,"passives":[],"primary":null,"roundTripTime":-1,"setName":null,"setVersion":null,"tags":{},"topologyVersion":null,"type":"Unknown"},"ac-ek6ww0d-shard-00-01.jjbmm4d.mongodb.net:27017":{"$clusterTime":null,"address":"ac-ek6ww0d-shard-00-01.jjbmm4d.mongodb.net:27017","arbiters":[],"electionId":null,"error":{"beforeHandshake":false,"errorLabelSet":{}},"hosts":[],"iscryptd":false,"lastUpdateTime":764717,"lastWriteDate":0,"logicalSessionTimeoutMinutes":null,"maxBsonObjectSize":null,"maxMessageSizeBytes":null,"maxWireVersion":0,"maxWriteBatchSize":null,"me":null,"minRoundTripTime":0,"minWireVersion":0,"passives":[],"primary":null,"roundTripTime":-1,"setName":null,"setVersion":null,"tags":{},"topologyVersion":null,"type":"Unknown"},"ac-ek6ww0d-shard-00-02.jjbmm4d.mongodb.net:27017":{"$clusterTime":null,"address":"ac-ek6ww0d-shard-00-02.jjbmm4d.mongodb.net:27017","arbiters":[],"electionId":null,"error":{"beforeHandshake":false,"errorLabelSet":{}},"hosts":[],"iscryptd":false,"lastUpdateTime":762476,"lastWriteDate":0,"logicalSessionTimeoutMinutes":null,"maxBsonObjectSize":null,"maxMessageSizeBytes":null,"maxWireVersion":0,"maxWriteBatchSize":null,"me":null,"minRoundTripTime":0,"minWireVersion":0,"passives":[],"primary":null,"roundTripTime":-1,"setName":null,"setVersion":null,"tags":{},"topologyVersion":null,"type":"Unknown"}},"setName":"atlas-j2zdwj-shard-0","stale":false,"type":"ReplicaSetNoPrimary"},"stack":"MongoServerSelectionError: connection <monitor> to 159.41.197.31:27017 timed out\n    at Topology.selectServer (D:\\Chat Application\\Chat-Application\\server\\node_modules\\mongodb\\lib\\sdam\\topology.js:348:38)\n    at runNextTicks (node:internal/process/task_queues:65:5)\n    at listOnTimeout (node:internal/timers:567:9)\n    at process.processTimers (node:internal/timers:541:7)\n    at async executeOperationWithRetries (D:\\Chat Application\\Chat-Application\\server\\node_modules\\mongodb\\lib\\operations\\execute_operation.js:260:22)\n    at async executeOperation (D:\\Chat Application\\Chat-Application\\server\\node_modules\\mongodb\\lib\\operations\\execute_operation.js:83:16)\n    at async FindCursor._initialize (D:\\Chat Application\\Chat-Application\\server\\node_modules\\mongodb\\lib\\cursor\\find_cursor.js:62:26)\n    at async FindCursor.cursorInit (D:\\Chat Application\\Chat-Application\\server\\node_modules\\mongodb\\lib\\cursor\\abstract_cursor.js:620:27)\n    at async FindCursor.fetchBatch (D:\\Chat Application\\Chat-Application\\server\\node_modules\\mongodb\\lib\\cursor\\abstract_cursor.js:654:13)\n    at async FindCursor.next (D:\\Chat Application\\Chat-Application\\server\\node_modules\\mongodb\\lib\\cursor\\abstract_cursor.js:326:17)"}
{"cause":{"beforeHandshake":false,"errorLabelSet":{}},"errorLabelSet":{},"level":"error","message":"Mark Read Error: connection <monitor> to 159.41.197.31:27017 timed out","reason":{"commonWireVersion":25,"compatible":true,"heartbeatFrequencyMS":10000,"localThresholdMS":15,"logicalSessionTimeoutMinutes":null,"maxElectionId":{"$oid":"7fffffff000000000000013b"},"maxSetVersion":288,"servers":{"ac-ek6ww0d-shard-00-00.jjbmm4d.mongodb.net:27017":{"$clusterTime":null,"address":"ac-ek6ww0d-shard-00-00.jjbmm4d.mongodb.net:27017","arbiters":[],"electionId":null,"error":{"beforeHandshake":false,"errorLabelSet":{}},"hosts":[],"iscryptd":false,"lastUpdateTime":758205,"lastWriteDate":0,"logicalSessionTimeoutMinutes":null,"maxBsonObjectSize":null,"maxMessageSizeBytes":null,"maxWireVersion":0,"maxWriteBatchSize":null,"me":null,"minRoundTripTime":0,"minWireVersion":0,"passives":[],"primary":null,"roundTripTime":-1,"setName":null,"setVersion":null,"tags":{},"topologyVersion":null,"type":"Unknown"},"ac-ek6ww0d-shard-00-01.jjbmm4d.mongodb.net:27017":{"$clusterTime":null,"address":"ac-ek6ww0d-shard-00-01.jjbmm4d.mongodb.net:27017","arbiters":[],"electionId":null,"error":{"beforeHandshake":false,"errorLabelSet":{}},"hosts":[],"iscryptd":false,"lastUpdateTime":764717,"lastWriteDate":0,"logicalSessionTimeoutMinutes":null,"maxBsonObjectSize":null,"maxMessageSizeBytes":null,"maxWireVersion":0,"maxWriteBatchSize":null,"me":null,"minRoundTripTime":0,"minWireVersion":0,"passives":[],"primary":null,"roundTripTime":-1,"setName":null,"setVersion":null,"tags":{},"topologyVersion":null,"type":"Unknown"},"ac-ek6ww0d-shard-00-02.jjbmm4d.mongodb.net:27017":{"$clusterTime":null,"address":"ac-ek6ww0d-shard-00-02.jjbmm4d.mongodb.net:27017","arbiters":[],"electionId":null,"error":{"beforeHandshake":false,"errorLabelSet":{}},"hosts":[],"iscryptd":false,"lastUpdateTime":762476,"lastWriteDate":0,"logicalSessionTimeoutMinutes":null,"maxBsonObjectSize":null,"maxMessageSizeBytes":null,"maxWireVersion":0,"maxWriteBatchSize":null,"me":null,"minRoundTripTime":0,"minWireVersion":0,"passives":[],"primary":null,"roundTripTime":-1,"setName":null,"setVersion":null,"tags":{},"topologyVersion":null,"type":"Unknown"}},"setName":"atlas-j2zdwj-shard-0","stale":false,"type":"ReplicaSetNoPrimary"},"stack":"MongoServerSelectionError: connection <monitor> to 159.41.197.31:27017 timed out\n    at Topology.selectServer (D:\\Chat Application\\Chat-Application\\server\\node_modules\\mongodb\\lib\\sdam\\topology.js:348:38)\n    at runNextTicks (node:internal/process/task_queues:65:5)\n    at listOnTimeout (node:internal/timers:567:9)\n    at process.processTimers (node:internal/timers:541:7)\n    at async executeOperationWithRetries (D:\\Chat Application\\Chat-Application\\server\\node_modules\\mongodb\\lib\\operations\\execute_operation.js:260:22)\n    at async executeOperation (D:\\Chat Application\\Chat-Application\\server\\node_modules\\mongodb\\lib\\operations\\execute_operation.js:83:16)\n    at async FindCursor._initialize (D:\\Chat Application\\Chat-Application\\server\\node_modules\\mongodb\\lib\\cursor\\find_cursor.js:62:26)\n    at async FindCursor.cursorInit (D:\\Chat Application\\Chat-Application\\server\\node_modules\\mongodb\\lib\\cursor\\abstract_cursor.js:620:27)\n    at async FindCursor.fetchBatch (D:\\Chat Application\\Chat-Application\\server\\node_modules\\mongodb\\lib\\cursor\\abstract_cursor.js:654:13)\n    at async FindCursor.next (D:\\Chat Application\\Chat-Application\\server\\node_modules\\mongodb\\lib\\cursor\\abstract_cursor.js:326:17)"}
{"cause":{"beforeHandshake":false,"errorLabelSet":{}},"errorLabelSet":{},"level":"error","message":"Join Chat Error: connection <monitor> to 159.41.197.31:27017 timed out","reason":{"commonWireVersion":25,"compatible":true,"heartbeatFrequencyMS":10000,"localThresholdMS":15,"logicalSessionTimeoutMinutes":null,"maxElectionId":{"$oid":"7fffffff000000000000013b"},"maxSetVersion":288,"servers":{"ac-ek6ww0d-shard-00-00.jjbmm4d.mongodb.net:27017":{"$clusterTime":null,"address":"ac-ek6ww0d-shard-00-00.jjbmm4d.mongodb.net:27017","arbiters":[],"electionId":null,"error":{"beforeHandshake":false,"errorLabelSet":{}},"hosts":[],"iscryptd":false,"lastUpdateTime":758205,"lastWriteDate":0,"logicalSessionTimeoutMinutes":null,"maxBsonObjectSize":null,"maxMessageSizeBytes":null,"maxWireVersion":0,"maxWriteBatchSize":null,"me":null,"minRoundTripTime":0,"minWireVersion":0,"passives":[],"primary":null,"roundTripTime":-1,"setName":null,"setVersion":null,"tags":{},"topologyVersion":null,"type":"Unknown"},"ac-ek6ww0d-shard-00-01.jjbmm4d.mongodb.net:27017":{"$clusterTime":null,"address":"ac-ek6ww0d-shard-00-01.jjbmm4d.mongodb.net:27017","arbiters":[],"electionId":null,"error":{"beforeHandshake":false,"errorLabelSet":{}},"hosts":[],"iscryptd":false,"lastUpdateTime":764717,"lastWriteDate":0,"logicalSessionTimeoutMinutes":null,"maxBsonObjectSize":null,"maxMessageSizeBytes":null,"maxWireVersion":0,"maxWriteBatchSize":null,"me":null,"minRoundTripTime":0,"minWireVersion":0,"passives":[],"primary":null,"roundTripTime":-1,"setName":null,"setVersion":null,"tags":{},"topologyVersion":null,"type":"Unknown"},"ac-ek6ww0d-shard-00-02.jjbmm4d.mongodb.net:27017":{"$clusterTime":null,"address":"ac-ek6ww0d-shard-00-02.jjbmm4d.mongodb.net:27017","arbiters":[],"electionId":null,"error":{"beforeHandshake":false,"errorLabelSet":{}},"hosts":[],"iscryptd":false,"lastUpdateTime":762476,"lastWriteDate":0,"logicalSessionTimeoutMinutes":null,"maxBsonObjectSize":null,"maxMessageSizeBytes":null,"maxWireVersion":0,"maxWriteBatchSize":null,"me":null,"minRoundTripTime":0,"minWireVersion":0,"passives":[],"primary":null,"roundTripTime":-1,"setName":null,"setVersion":null,"tags":{},"topologyVersion":null,"type":"Unknown"}},"setName":"atlas-j2zdwj-shard-0","stale":false,"type":"ReplicaSetNoPrimary"},"stack":"MongoServerSelectionError: connection <monitor> to 159.41.197.31:27017 timed out\n    at Topology.selectServer (D:\\Chat Application\\Chat-Application\\server\\node_modules\\mongodb\\lib\\sdam\\topology.js:348:38)\n    at runNextTicks (node:internal/process/task_queues:65:5)\n    at listOnTimeout (node:internal/timers:567:9)\n    at process.processTimers (node:internal/timers:541:7)\n    at async executeOperationWithRetries (D:\\Chat Application\\Chat-Application\\server\\node_modules\\mongodb\\lib\\operations\\execute_operation.js:260:22)\n    at async executeOperation (D:\\Chat Application\\Chat-Application\\server\\node_modules\\mongodb\\lib\\operations\\execute_operation.js:83:16)\n    at async FindCursor._initialize (D:\\Chat Application\\Chat-Application\\server\\node_modules\\mongodb\\lib\\cursor\\find_cursor.js:62:26)\n    at async FindCursor.cursorInit (D:\\Chat Application\\Chat-Application\\server\\node_modules\\mongodb\\lib\\cursor\\abstract_cursor.js:620:27)\n    at async FindCursor.fetchBatch (D:\\Chat Application\\Chat-Application\\server\\node_modules\\mongodb\\lib\\cursor\\abstract_cursor.js:654:13)\n    at async FindCursor.next (D:\\Chat Application\\Chat-Application\\server\\node_modules\\mongodb\\lib\\cursor\\abstract_cursor.js:326:17)"}
{"cause":{"beforeHandshake":false,"errorLabelSet":{}},"errorLabelSet":{},"level":"error","message":"Mark Read Error: connection <monitor> to 159.41.197.31:27017 timed out","reason":{"commonWireVersion":25,"compatible":true,"heartbeatFrequencyMS":10000,"localThresholdMS":15,"logicalSessionTimeoutMinutes":null,"maxElectionId":{"$oid":"7fffffff000000000000013b"},"maxSetVersion":288,"servers":{"ac-ek6ww0d-shard-00-00.jjbmm4d.mongodb.net:27017":{"$clusterTime":null,"address":"ac-ek6ww0d-shard-00-00.jjbmm4d.mongodb.net:27017","arbiters":[],"electionId":null,"error":{"beforeHandshake":false,"errorLabelSet":{}},"hosts":[],"iscryptd":false,"lastUpdateTime":758205,"lastWriteDate":0,"logicalSessionTimeoutMinutes":null,"maxBsonObjectSize":null,"maxMessageSizeBytes":null,"maxWireVersion":0,"maxWriteBatchSize":null,"me":null,"minRoundTripTime":0,"minWireVersion":0,"passives":[],"primary":null,"roundTripTime":-1,"setName":null,"setVersion":null,"tags":{},"topologyVersion":null,"type":"Unknown"},"ac-ek6ww0d-shard-00-01.jjbmm4d.mongodb.net:27017":{"$clusterTime":null,"address":"ac-ek6ww0d-shard-00-01.jjbmm4d.mongodb.net:27017","arbiters":[],"electionId":null,"error":{"beforeHandshake":false,"errorLabelSet":{}},"hosts":[],"iscryptd":false,"lastUpdateTime":764717,"lastWriteDate":0,"logicalSessionTimeoutMinutes":null,"maxBsonObjectSize":null,"maxMessageSizeBytes":null,"maxWireVersion":0,"maxWriteBatchSize":null,"me":null,"minRoundTripTime":0,"minWireVersion":0,"passives":[],"primary":null,"roundTripTime":-1,"setName":null,"setVersion":null,"tags":{},"topologyVersion":null,"type":"Unknown"},"ac-ek6ww0d-shard-00-02.jjbmm4d.mongodb.net:27017":{"$clusterTime":null,"address":"ac-ek6ww0d-shard-00-02.jjbmm4d.mongodb.net:27017","arbiters":[],"electionId":null,"error":{"beforeHandshake":false,"errorLabelSet":{}},"hosts":[],"iscryptd":false,"lastUpdateTime":762476,"lastWriteDate":0,"logicalSessionTimeoutMinutes":null,"maxBsonObjectSize":null,"maxMessageSizeBytes":null,"maxWireVersion":0,"maxWriteBatchSize":null,"me":null,"minRoundTripTime":0,"minWireVersion":0,"passives":[],"primary":null,"roundTripTime":-1,"setName":null,"setVersion":null,"tags":{},"topologyVersion":null,"type":"Unknown"}},"setName":"atlas-j2zdwj-shard-0","stale":false,"type":"ReplicaSetNoPrimary"},"stack":"MongoServerSelectionError: connection <monitor> to 159.41.197.31:27017 timed out\n    at Topology.selectServer (D:\\Chat Application\\Chat-Application\\server\\node_modules\\mongodb\\lib\\sdam\\topology.js:348:38)\n    at runNextTicks (node:internal/process/task_queues:65:5)\n    at listOnTimeout (node:internal/timers:567:9)\n    at process.processTimers (node:internal/timers:541:7)\n    at async executeOperationWithRetries (D:\\Chat Application\\Chat-Application\\server\\node_modules\\mongodb\\lib\\operations\\execute_operation.js:260:22)\n    at async executeOperation (D:\\Chat Application\\Chat-Application\\server\\node_modules\\mongodb\\lib\\operations\\execute_operation.js:83:16)\n    at async FindCursor._initialize (D:\\Chat Application\\Chat-Application\\server\\node_modules\\mongodb\\lib\\cursor\\find_cursor.js:62:26)\n    at async FindCursor.cursorInit (D:\\Chat Application\\Chat-Application\\server\\node_modules\\mongodb\\lib\\cursor\\abstract_cursor.js:620:27)\n    at async FindCursor.fetchBatch (D:\\Chat Application\\Chat-Application\\server\\node_modules\\mongodb\\lib\\cursor\\abstract_cursor.js:654:13)\n    at async FindCursor.next (D:\\Chat Application\\Chat-Application\\server\\node_modules\\mongodb\\lib\\cursor\\abstract_cursor.js:326:17)"}
{"cause":{"beforeHandshake":false,"errorLabelSet":{}},"errorLabelSet":{},"level":"error","message":"Join Chat Error: connection <monitor> to 159.41.197.31:27017 timed out","reason":{"commonWireVersion":25,"compatible":true,"heartbeatFrequencyMS":10000,"localThresholdMS":15,"logicalSessionTimeoutMinutes":null,"maxElectionId":{"$oid":"7fffffff000000000000013b"},"maxSetVersion":288,"servers":{"ac-ek6ww0d-shard-00-00.jjbmm4d.mongodb.net:27017":{"$clusterTime":null,"address":"ac-ek6ww0d-shard-00-00.jjbmm4d.mongodb.net:27017","arbiters":[],"electionId":null,"error":{"beforeHandshake":false,"errorLabelSet":{}},"hosts":[],"iscryptd":false,"lastUpdateTime":758205,"lastWriteDate":0,"logicalSessionTimeoutMinutes":null,"maxBsonObjectSize":null,"maxMessageSizeBytes":null,"maxWireVersion":0,"maxWriteBatchSize":null,"me":null,"minRoundTripTime":0,"minWireVersion":0,"passives":[],"primary":null,"roundTripTime":-1,"setName":null,"setVersion":null,"tags":{},"topologyVersion":null,"type":"Unknown"},"ac-ek6ww0d-shard-00-01.jjbmm4d.mongodb.net:27017":{"$clusterTime":null,"address":"ac-ek6ww0d-shard-00-01.jjbmm4d.mongodb.net:27017","arbiters":[],"electionId":null,"error":{"beforeHandshake":false,"errorLabelSet":{}},"hosts":[],"iscryptd":false,"lastUpdateTime":764717,"lastWriteDate":0,"logicalSessionTimeoutMinutes":null,"maxBsonObjectSize":null,"maxMessageSizeBytes":null,"maxWireVersion":0,"maxWriteBatchSize":null,"me":null,"minRoundTripTime":0,"minWireVersion":0,"passives":[],"primary":null,"roundTripTime":-1,"setName":null,"setVersion":null,"tags":{},"topologyVersion":null,"type":"Unknown"},"ac-ek6ww0d-shard-00-02.jjbmm4d.mongodb.net:27017":{"$clusterTime":null,"address":"ac-ek6ww0d-shard-00-02.jjbmm4d.mongodb.net:27017","arbiters":[],"electionId":null,"error":{"beforeHandshake":false,"errorLabelSet":{}},"hosts":[],"iscryptd":false,"lastUpdateTime":762476,"lastWriteDate":0,"logicalSessionTimeoutMinutes":null,"maxBsonObjectSize":null,"maxMessageSizeBytes":null,"maxWireVersion":0,"maxWriteBatchSize":null,"me":null,"minRoundTripTime":0,"minWireVersion":0,"passives":[],"primary":null,"roundTripTime":-1,"setName":null,"setVersion":null,"tags":{},"topologyVersion":null,"type":"Unknown"}},"setName":"atlas-j2zdwj-shard-0","stale":false,"type":"ReplicaSetNoPrimary"},"stack":"MongoServerSelectionError: connection <monitor> to 159.41.197.31:27017 timed out\n    at Topology.selectServer (D:\\Chat Application\\Chat-Application\\server\\node_modules\\mongodb\\lib\\sdam\\topology.js:348:38)\n    at runNextTicks (node:internal/process/task_queues:65:5)\n    at listOnTimeout (node:internal/timers:567:9)\n    at process.processTimers (node:internal/timers:541:7)\n    at async executeOperationWithRetries (D:\\Chat Application\\Chat-Application\\server\\node_modules\\mongodb\\lib\\operations\\execute_operation.js:260:22)\n    at async executeOperation (D:\\Chat Application\\Chat-Application\\server\\node_modules\\mongodb\\lib\\operations\\execute_operation.js:83:16)\n    at async FindCursor._initialize (D:\\Chat Application\\Chat-Application\\server\\node_modules\\mongodb\\lib\\cursor\\find_cursor.js:62:26)\n    at async FindCursor.cursorInit (D:\\Chat Application\\Chat-Application\\server\\node_modules\\mongodb\\lib\\cursor\\abstract_cursor.js:620:27)\n    at async FindCursor.fetchBatch (D:\\Chat Application\\Chat-Application\\server\\node_modules\\mongodb\\lib\\cursor\\abstract_cursor.js:654:13)\n    at async FindCursor.next (D:\\Chat Application\\Chat-Application\\server\\node_modules\\mongodb\\lib\\cursor\\abstract_cursor.js:326:17)"}
{"cause":{"beforeHandshake":false,"errorLabelSet":{}},"errorLabelSet":{},"level":"error","message":"Mark Read Error: connection <monitor> to 159.41.197.31:27017 timed out","reason":{"commonWireVersion":25,"compatible":true,"heartbeatFrequencyMS":10000,"localThresholdMS":15,"logicalSessionTimeoutMinutes":null,"maxElectionId":{"$oid":"7fffffff000000000000013b"},"maxSetVersion":288,"servers":{"ac-ek6ww0d-shard-00-00.jjbmm4d.mongodb.net:27017":{"$clusterTime":null,"address":"ac-ek6ww0d-shard-00-00.jjbmm4d.mongodb.net:27017","arbiters":[],"electionId":null,"error":{"beforeHandshake":false,"errorLabelSet":{}},"hosts":[],"iscryptd":false,"lastUpdateTime":758205,"lastWriteDate":0,"logicalSessionTimeoutMinutes":null,"maxBsonObjectSize":null,"maxMessageSizeBytes":null,"maxWireVersion":0,"maxWriteBatchSize":null,"me":null,"minRoundTripTime":0,"minWireVersion":0,"passives":[],"primary":null,"roundTripTime":-1,"setName":null,"setVersion":null,"tags":{},"topologyVersion":null,"type":"Unknown"},"ac-ek6ww0d-shard-00-01.jjbmm4d.mongodb.net:27017":{"$clusterTime":null,"address":"ac-ek6ww0d-shard-00-01.jjbmm4d.mongodb.net:27017","arbiters":[],"electionId":null,"error":{"beforeHandshake":false,"errorLabelSet":{}},"hosts":[],"iscryptd":false,"lastUpdateTime":764717,"lastWriteDate":0,"logicalSessionTimeoutMinutes":null,"maxBsonObjectSize":null,"maxMessageSizeBytes":null,"maxWireVersion":0,"maxWriteBatchSize":null,"me":null,"minRoundTripTime":0,"minWireVersion":0,"passives":[],"primary":null,"roundTripTime":-1,"setName":null,"setVersion":null,"tags":{},"topologyVersion":null,"type":"Unknown"},"ac-ek6ww0d-shard-00-02.jjbmm4d.mongodb.net:27017":{"$clusterTime":null,"address":"ac-ek6ww0d-shard-00-02.jjbmm4d.mongodb.net:27017","arbiters":[],"electionId":null,"error":{"beforeHandshake":false,"errorLabelSet":{}},"hosts":[],"iscryptd":false,"lastUpdateTime":762476,"lastWriteDate":0,"logicalSessionTimeoutMinutes":null,"maxBsonObjectSize":null,"maxMessageSizeBytes":null,"maxWireVersion":0,"maxWriteBatchSize":null,"me":null,"minRoundTripTime":0,"minWireVersion":0,"passives":[],"primary":null,"roundTripTime":-1,"setName":null,"setVersion":null,"tags":{},"topologyVersion":null,"type":"Unknown"}},"setName":"atlas-j2zdwj-shard-0","stale":false,"type":"ReplicaSetNoPrimary"},"stack":"MongoServerSelectionError: connection <monitor> to 159.41.197.31:27017 timed out\n    at Topology.selectServer (D:\\Chat Application\\Chat-Application\\server\\node_modules\\mongodb\\lib\\sdam\\topology.js:348:38)\n    at runNextTicks (node:internal/process/task_queues:65:5)\n    at listOnTimeout (node:internal/timers:567:9)\n    at process.processTimers (node:internal/timers:541:7)\n    at async executeOperationWithRetries (D:\\Chat Application\\Chat-Application\\server\\node_modules\\mongodb\\lib\\operations\\execute_operation.js:260:22)\n    at async executeOperation (D:\\Chat Application\\Chat-Application\\server\\node_modules\\mongodb\\lib\\operations\\execute_operation.js:83:16)\n    at async FindCursor._initialize (D:\\Chat Application\\Chat-Application\\server\\node_modules\\mongodb\\lib\\cursor\\find_cursor.js:62:26)\n    at async FindCursor.cursorInit (D:\\Chat Application\\Chat-Application\\server\\node_modules\\mongodb\\lib\\cursor\\abstract_cursor.js:620:27)\n    at async FindCursor.fetchBatch (D:\\Chat Application\\Chat-Application\\server\\node_modules\\mongodb\\lib\\cursor\\abstract_cursor.js:654:13)\n    at async FindCursor.next (D:\\Chat Application\\Chat-Application\\server\\node_modules\\mongodb\\lib\\cursor\\abstract_cursor.js:326:17)"}
{"cause":{"beforeHandshake":false,"errorLabelSet":{}},"errorLabelSet":{},"level":"error","message":"Join Chat Error: connection <monitor> to 159.41.197.31:27017 timed out","reason":{"commonWireVersion":25,"compatible":true,"heartbeatFrequencyMS":10000,"localThresholdMS":15,"logicalSessionTimeoutMinutes":null,"maxElectionId":{"$oid":"7fffffff000000000000013b"},"maxSetVersion":288,"servers":{"ac-ek6ww0d-shard-00-00.jjbmm4d.mongodb.net:27017":{"$clusterTime":null,"address":"ac-ek6ww0d-shard-00-00.jjbmm4d.mongodb.net:27017","arbiters":[],"electionId":null,"error":{"beforeHandshake":false,"errorLabelSet":{}},"hosts":[],"iscryptd":false,"lastUpdateTime":758205,"lastWriteDate":0,"logicalSessionTimeoutMinutes":null,"maxBsonObjectSize":null,"maxMessageSizeBytes":null,"maxWireVersion":0,"maxWriteBatchSize":null,"me":null,"minRoundTripTime":0,"minWireVersion":0,"passives":[],"primary":null,"roundTripTime":-1,"setName":null,"setVersion":null,"tags":{},"topologyVersion":null,"type":"Unknown"},"ac-ek6ww0d-shard-00-01.jjbmm4d.mongodb.net:27017":{"$clusterTime":null,"address":"ac-ek6ww0d-shard-00-01.jjbmm4d.mongodb.net:27017","arbiters":[],"electionId":null,"error":{"beforeHandshake":false,"errorLabelSet":{}},"hosts":[],"iscryptd":false,"lastUpdateTime":764717,"lastWriteDate":0,"logicalSessionTimeoutMinutes":null,"maxBsonObjectSize":null,"maxMessageSizeBytes":null,"maxWireVersion":0,"maxWriteBatchSize":null,"me":null,"minRoundTripTime":0,"minWireVersion":0,"passives":[],"primary":null,"roundTripTime":-1,"setName":null,"setVersion":null,"tags":{},"topologyVersion":null,"type":"Unknown"},"ac-ek6ww0d-shard-00-02.jjbmm4d.mongodb.net:27017":{"$clusterTime":null,"address":"ac-ek6ww0d-shard-00-02.jjbmm4d.mongodb.net:27017","arbiters":[],"electionId":null,"error":{"beforeHandshake":false,"errorLabelSet":{}},"hosts":[],"iscryptd":false,"lastUpdateTime":762476,"lastWriteDate":0,"logicalSessionTimeoutMinutes":null,"maxBsonObjectSize":null,"maxMessageSizeBytes":null,"maxWireVersion":0,"maxWriteBatchSize":null,"me":null,"minRoundTripTime":0,"minWireVersion":0,"passives":[],"primary":null,"roundTripTime":-1,"setName":null,"setVersion":null,"tags":{},"topologyVersion":null,"type":"Unknown"}},"setName":"atlas-j2zdwj-shard-0","stale":false,"type":"ReplicaSetNoPrimary"},"stack":"MongoServerSelectionError: connection <monitor> to 159.41.197.31:27017 timed out\n    at Topology.selectServer (D:\\Chat Application\\Chat-Application\\server\\node_modules\\mongodb\\lib\\sdam\\topology.js:348:38)\n    at runNextTicks (node:internal/process/task_queues:65:5)\n    at listOnTimeout (node:internal/timers:567:9)\n    at process.processTimers (node:internal/timers:541:7)\n    at async executeOperationWithRetries (D:\\Chat Application\\Chat-Application\\server\\node_modules\\mongodb\\lib\\operations\\execute_operation.js:260:22)\n    at async executeOperation (D:\\Chat Application\\Chat-Application\\server\\node_modules\\mongodb\\lib\\operations\\execute_operation.js:83:16)\n    at async FindCursor._initialize (D:\\Chat Application\\Chat-Application\\server\\node_modules\\mongodb\\lib\\cursor\\find_cursor.js:62:26)\n    at async FindCursor.cursorInit (D:\\Chat Application\\Chat-Application\\server\\node_modules\\mongodb\\lib\\cursor\\abstract_cursor.js:620:27)\n    at async FindCursor.fetchBatch (D:\\Chat Application\\Chat-Application\\server\\node_modules\\mongodb\\lib\\cursor\\abstract_cursor.js:654:13)\n    at async FindCursor.next (D:\\Chat Application\\Chat-Application\\server\\node_modules\\mongodb\\lib\\cursor\\abstract_cursor.js:326:17)"}
{"cause":{"beforeHandshake":false,"errorLabelSet":{}},"errorLabelSet":{},"level":"error","message":"Mark Read Error: connection <monitor> to 159.41.197.31:27017 timed out","reason":{"commonWireVersion":25,"compatible":true,"heartbeatFrequencyMS":10000,"localThresholdMS":15,"logicalSessionTimeoutMinutes":null,"maxElectionId":{"$oid":"7fffffff000000000000013b"},"maxSetVersion":288,"servers":{"ac-ek6ww0d-shard-00-00.jjbmm4d.mongodb.net:27017":{"$clusterTime":null,"address":"ac-ek6ww0d-shard-00-00.jjbmm4d.mongodb.net:27017","arbiters":[],"electionId":null,"error":{"beforeHandshake":false,"errorLabelSet":{}},"hosts":[],"iscryptd":false,"lastUpdateTime":758205,"lastWriteDate":0,"logicalSessionTimeoutMinutes":null,"maxBsonObjectSize":null,"maxMessageSizeBytes":null,"maxWireVersion":0,"maxWriteBatchSize":null,"me":null,"minRoundTripTime":0,"minWireVersion":0,"passives":[],"primary":null,"roundTripTime":-1,"setName":null,"setVersion":null,"tags":{},"topologyVersion":null,"type":"Unknown"},"ac-ek6ww0d-shard-00-01.jjbmm4d.mongodb.net:27017":{"$clusterTime":null,"address":"ac-ek6ww0d-shard-00-01.jjbmm4d.mongodb.net:27017","arbiters":[],"electionId":null,"error":{"beforeHandshake":false,"errorLabelSet":{}},"hosts":[],"iscryptd":false,"lastUpdateTime":764717,"lastWriteDate":0,"logicalSessionTimeoutMinutes":null,"maxBsonObjectSize":null,"maxMessageSizeBytes":null,"maxWireVersion":0,"maxWriteBatchSize":null,"me":null,"minRoundTripTime":0,"minWireVersion":0,"passives":[],"primary":null,"roundTripTime":-1,"setName":null,"setVersion":null,"tags":{},"topologyVersion":null,"type":"Unknown"},"ac-ek6ww0d-shard-00-02.jjbmm4d.mongodb.net:27017":{"$clusterTime":null,"address":"ac-ek6ww0d-shard-00-02.jjbmm4d.mongodb.net:27017","arbiters":[],"electionId":null,"error":{"beforeHandshake":false,"errorLabelSet":{}},"hosts":[],"iscryptd":false,"lastUpdateTime":762476,"lastWriteDate":0,"logicalSessionTimeoutMinutes":null,"maxBsonObjectSize":null,"maxMessageSizeBytes":null,"maxWireVersion":0,"maxWriteBatchSize":null,"me":null,"minRoundTripTime":0,"minWireVersion":0,"passives":[],"primary":null,"roundTripTime":-1,"setName":null,"setVersion":null,"tags":{},"topologyVersion":null,"type":"Unknown"}},"setName":"atlas-j2zdwj-shard-0","stale":false,"type":"ReplicaSetNoPrimary"},"stack":"MongoServerSelectionError: connection <monitor> to 159.41.197.31:27017 timed out\n    at Topology.selectServer (D:\\Chat Application\\Chat-Application\\server\\node_modules\\mongodb\\lib\\sdam\\topology.js:348:38)\n    at runNextTicks (node:internal/process/task_queues:65:5)\n    at listOnTimeout (node:internal/timers:567:9)\n    at process.processTimers (node:internal/timers:541:7)\n    at async executeOperationWithRetries (D:\\Chat Application\\Chat-Application\\server\\node_modules\\mongodb\\lib\\operations\\execute_operation.js:260:22)\n    at async executeOperation (D:\\Chat Application\\Chat-Application\\server\\node_modules\\mongodb\\lib\\operations\\execute_operation.js:83:16)\n    at async FindCursor._initialize (D:\\Chat Application\\Chat-Application\\server\\node_modules\\mongodb\\lib\\cursor\\find_cursor.js:62:26)\n    at async FindCursor.cursorInit (D:\\Chat Application\\Chat-Application\\server\\node_modules\\mongodb\\lib\\cursor\\abstract_cursor.js:620:27)\n    at async FindCursor.fetchBatch (D:\\Chat Application\\Chat-Application\\server\\node_modules\\mongodb\\lib\\cursor\\abstract_cursor.js:654:13)\n    at async FindCursor.next (D:\\Chat Application\\Chat-Application\\server\\node_modules\\mongodb\\lib\\cursor\\abstract_cursor.js:326:17)"}
{"cause":{"beforeHandshake":false,"errorLabelSet":{}},"errorLabelSet":{},"level":"error","message":"Join Chat Error: connection <monitor> to 159.41.197.31:27017 timed out","reason":{"commonWireVersion":25,"compatible":true,"heartbeatFrequencyMS":10000,"localThresholdMS":15,"logicalSessionTimeoutMinutes":null,"maxElectionId":{"$oid":"7fffffff000000000000013b"},"maxSetVersion":288,"servers":{"ac-ek6ww0d-shard-00-00.jjbmm4d.mongodb.net:27017":{"$clusterTime":null,"address":"ac-ek6ww0d-shard-00-00.jjbmm4d.mongodb.net:27017","arbiters":[],"electionId":null,"error":{"beforeHandshake":false,"errorLabelSet":{}},"hosts":[],"iscryptd":false,"lastUpdateTime":758205,"lastWriteDate":0,"logicalSessionTimeoutMinutes":null,"maxBsonObjectSize":null,"maxMessageSizeBytes":null,"maxWireVersion":0,"maxWriteBatchSize":null,"me":null,"minRoundTripTime":0,"minWireVersion":0,"passives":[],"primary":null,"roundTripTime":-1,"setName":null,"setVersion":null,"tags":{},"topologyVersion":null,"type":"Unknown"},"ac-ek6ww0d-shard-00-01.jjbmm4d.mongodb.net:27017":{"$clusterTime":null,"address":"ac-ek6ww0d-shard-00-01.jjbmm4d.mongodb.net:27017","arbiters":[],"electionId":null,"error":{"beforeHandshake":false,"errorLabelSet":{}},"hosts":[],"iscryptd":false,"lastUpdateTime":764717,"lastWriteDate":0,"logicalSessionTimeoutMinutes":null,"maxBsonObjectSize":null,"maxMessageSizeBytes":null,"maxWireVersion":0,"maxWriteBatchSize":null,"me":null,"minRoundTripTime":0,"minWireVersion":0,"passives":[],"primary":null,"roundTripTime":-1,"setName":null,"setVersion":null,"tags":{},"topologyVersion":null,"type":"Unknown"},"ac-ek6ww0d-shard-00-02.jjbmm4d.mongodb.net:27017":{"$clusterTime":null,"address":"ac-ek6ww0d-shard-00-02.jjbmm4d.mongodb.net:27017","arbiters":[],"electionId":null,"error":{"beforeHandshake":false,"errorLabelSet":{}},"hosts":[],"iscryptd":false,"lastUpdateTime":762476,"lastWriteDate":0,"logicalSessionTimeoutMinutes":null,"maxBsonObjectSize":null,"maxMessageSizeBytes":null,"maxWireVersion":0,"maxWriteBatchSize":null,"me":null,"minRoundTripTime":0,"minWireVersion":0,"passives":[],"primary":null,"roundTripTime":-1,"setName":null,"setVersion":null,"tags":{},"topologyVersion":null,"type":"Unknown"}},"setName":"atlas-j2zdwj-shard-0","stale":false,"type":"ReplicaSetNoPrimary"},"stack":"MongoServerSelectionError: connection <monitor> to 159.41.197.31:27017 timed out\n    at Topology.selectServer (D:\\Chat Application\\Chat-Application\\server\\node_modules\\mongodb\\lib\\sdam\\topology.js:348:38)\n    at runNextTicks (node:internal/process/task_queues:65:5)\n    at listOnTimeout (node:internal/timers:567:9)\n    at process.processTimers (node:internal/timers:541:7)\n    at async executeOperationWithRetries (D:\\Chat Application\\Chat-Application\\server\\node_modules\\mongodb\\lib\\operations\\execute_operation.js:260:22)\n    at async executeOperation (D:\\Chat Application\\Chat-Application\\server\\node_modules\\mongodb\\lib\\operations\\execute_operation.js:83:16)\n    at async FindCursor._initialize (D:\\Chat Application\\Chat-Application\\server\\node_modules\\mongodb\\lib\\cursor\\find_cursor.js:62:26)\n    at async FindCursor.cursorInit (D:\\Chat Application\\Chat-Application\\server\\node_modules\\mongodb\\lib\\cursor\\abstract_cursor.js:620:27)\n    at async FindCursor.fetchBatch (D:\\Chat Application\\Chat-Application\\server\\node_modules\\mongodb\\lib\\cursor\\abstract_cursor.js:654:13)\n    at async FindCursor.next (D:\\Chat Application\\Chat-Application\\server\\node_modules\\mongodb\\lib\\cursor\\abstract_cursor.js:326:17)"}
{"cause":{"beforeHandshake":false,"errorLabelSet":{}},"errorLabelSet":{},"level":"error","message":"Mark Read Error: connection <monitor> to 159.41.197.31:27017 timed out","reason":{"commonWireVersion":25,"compatible":true,"heartbeatFrequencyMS":10000,"localThresholdMS":15,"logicalSessionTimeoutMinutes":null,"maxElectionId":{"$oid":"7fffffff000000000000013b"},"maxSetVersion":288,"servers":{"ac-ek6ww0d-shard-00-00.jjbmm4d.mongodb.net:27017":{"$clusterTime":null,"address":"ac-ek6ww0d-shard-00-00.jjbmm4d.mongodb.net:27017","arbiters":[],"electionId":null,"error":{"beforeHandshake":false,"errorLabelSet":{}},"hosts":[],"iscryptd":false,"lastUpdateTime":758205,"lastWriteDate":0,"logicalSessionTimeoutMinutes":null,"maxBsonObjectSize":null,"maxMessageSizeBytes":null,"maxWireVersion":0,"maxWriteBatchSize":null,"me":null,"minRoundTripTime":0,"minWireVersion":0,"passives":[],"primary":null,"roundTripTime":-1,"setName":null,"setVersion":null,"tags":{},"topologyVersion":null,"type":"Unknown"},"ac-ek6ww0d-shard-00-01.jjbmm4d.mongodb.net:27017":{"$clusterTime":null,"address":"ac-ek6ww0d-shard-00-01.jjbmm4d.mongodb.net:27017","arbiters":[],"electionId":null,"error":{"beforeHandshake":false,"errorLabelSet":{}},"hosts":[],"iscryptd":false,"lastUpdateTime":764717,"lastWriteDate":0,"logicalSessionTimeoutMinutes":null,"maxBsonObjectSize":null,"maxMessageSizeBytes":null,"maxWireVersion":0,"maxWriteBatchSize":null,"me":null,"minRoundTripTime":0,"minWireVersion":0,"passives":[],"primary":null,"roundTripTime":-1,"setName":null,"setVersion":null,"tags":{},"topologyVersion":null,"type":"Unknown"},"ac-ek6ww0d-shard-00-02.jjbmm4d.mongodb.net:27017":{"$clusterTime":null,"address":"ac-ek6ww0d-shard-00-02.jjbmm4d.mongodb.net:27017","arbiters":[],"electionId":null,"error":{"beforeHandshake":false,"errorLabelSet":{}},"hosts":[],"iscryptd":false,"lastUpdateTime":762476,"lastWriteDate":0,"logicalSessionTimeoutMinutes":null,"maxBsonObjectSize":null,"maxMessageSizeBytes":null,"maxWireVersion":0,"maxWriteBatchSize":null,"me":null,"minRoundTripTime":0,"minWireVersion":0,"passives":[],"primary":null,"roundTripTime":-1,"setName":null,"setVersion":null,"tags":{},"topologyVersion":null,"type":"Unknown"}},"setName":"atlas-j2zdwj-shard-0","stale":false,"type":"ReplicaSetNoPrimary"},"stack":"MongoServerSelectionError: connection <monitor> to 159.41.197.31:27017 timed out\n    at Topology.selectServer (D:\\Chat Application\\Chat-Application\\server\\node_modules\\mongodb\\lib\\sdam\\topology.js:348:38)\n    at runNextTicks (node:internal/process/task_queues:65:5)\n    at listOnTimeout (node:internal/timers:567:9)\n    at process.processTimers (node:internal/timers:541:7)\n    at async executeOperationWithRetries (D:\\Chat Application\\Chat-Application\\server\\node_modules\\mongodb\\lib\\operations\\execute_operation.js:260:22)\n    at async executeOperation (D:\\Chat Application\\Chat-Application\\server\\node_modules\\mongodb\\lib\\operations\\execute_operation.js:83:16)\n    at async FindCursor._initialize (D:\\Chat Application\\Chat-Application\\server\\node_modules\\mongodb\\lib\\cursor\\find_cursor.js:62:26)\n    at async FindCursor.cursorInit (D:\\Chat Application\\Chat-Application\\server\\node_modules\\mongodb\\lib\\cursor\\abstract_cursor.js:620:27)\n    at async FindCursor.fetchBatch (D:\\Chat Application\\Chat-Application\\server\\node_modules\\mongodb\\lib\\cursor\\abstract_cursor.js:654:13)\n    at async FindCursor.next (D:\\Chat Application\\Chat-Application\\server\\node_modules\\mongodb\\lib\\cursor\\abstract_cursor.js:326:17)"}
{"cause":{"beforeHandshake":false,"errorLabelSet":{}},"errorLabelSet":{},"level":"error","message":"Join Chat Error: Socket 'secureConnect' timed out after 30129ms (connectTimeoutMS: 30000)","reason":{"commonWireVersion":25,"compatible":true,"heartbeatFrequencyMS":10000,"localThresholdMS":15,"logicalSessionTimeoutMinutes":null,"maxElectionId":{"$oid":"7fffffff000000000000013b"},"maxSetVersion":288,"servers":{"ac-ek6ww0d-shard-00-00.jjbmm4d.mongodb.net:27017":{"$clusterTime":null,"address":"ac-ek6ww0d-shard-00-00.jjbmm4d.mongodb.net:27017","arbiters":[],"electionId":null,"error":{"beforeHandshake":false,"errorLabelSet":{}},"hosts":[],"iscryptd":false,"lastUpdateTime":792591,"lastWriteDate":0,"logicalSessionTimeoutMinutes":null,"maxBsonObjectSize":null,"maxMessageSizeBytes":null,"maxWireVersion":0,"maxWriteBatchSize":null,"me":null,"minRoundTripTime":0,"minWireVersion":0,"passives":[],"primary":null,"roundTripTime":-1,"setName":null,"setVersion":null,"tags":{},"topologyVersion":null,"type":"Unknown"},"ac-ek6ww0d-shard-00-01.jjbmm4d.mongodb.net:27017":{"$clusterTime":null,"address":"ac-ek6ww0d-shard-00-01.jjbmm4d.mongodb.net:27017","arbiters":[],"electionId":null,"error":{"beforeHandshake":false,"errorLabelSet":{}},"hosts":[],"iscryptd":false,"lastUpdateTime":795407,"lastWriteDate":0,"logicalSessionTimeoutMinutes":null,"maxBsonObjectSize":null,"maxMessageSizeBytes":null,"maxWireVersion":0,"maxWriteBatchSize":null,"me":null,"minRoundTripTime":0,"minWireVersion":0,"passives":[],"primary":null,"roundTripTime":-1,"setName":null,"setVersion":null,"tags":{},"topologyVersion":null,"type":"Unknown"},"ac-ek6ww0d-shard-00-02.jjbmm4d.mongodb.net:27017":{"$clusterTime":null,"address":"ac-ek6ww0d-shard-00-02.jjbmm4d.mongodb.net:27017","arbiters":[],"electionId":null,"error":{"beforeHandshake":false,"errorLabelSet":{}},"hosts":[],"iscryptd":false,"lastUpdateTime":793120,"lastWriteDate":0,"logicalSessionTimeoutMinutes":null,"maxBsonObjectSize":null,"maxMessageSizeBytes":null,"maxWireVersion":0,"maxWriteBatchSize":null,"me":null,"minRoundTripTime":0,"minWireVersion":0,"passives":[],"primary":null,"roundTripTime":-1,"setName":null,"setVersion":null,"tags":{},"topologyVersion":null,"type":"Unknown"}},"setName":"atlas-j2zdwj-shard-0","stale":false,"type":"ReplicaSetNoPrimary"},"stack":"MongoServerSelectionError: Socket 'secureConnect' timed out after 30129ms (connectTimeoutMS: 30000)\n    at Topology.selectServer (D:\\Chat Application\\Chat-Application\\server\\node_modules\\mongodb\\lib\\sdam\\topology.js:348:38)\n    at runNextTicks (node:internal/process/task_queues:65:5)\n    at listOnTimeout (node:internal/timers:567:9)\n    at process.processTimers (node:internal/timers:541:7)\n    at async executeOperationWithRetries (D:\\Chat Application\\Chat-Application\\server\\node_modules\\mongodb\\lib\\operations\\execute_operation.js:157:18)\n    at async executeOperation (D:\\Chat Application\\Chat-Application\\server\\node_modules\\mongodb\\lib\\operations\\execute_operation.js:83:16)\n    at async FindCursor._initialize (D:\\Chat Application\\Chat-Application\\server\\node_modules\\mongodb\\lib\\cursor\\find_cursor.js:62:26)\n    at async FindCursor.cursorInit (D:\\Chat Application\\Chat-Application\\server\\node_modules\\mongodb\\lib\\cursor\\abstract_cursor.js:620:27)\n    at async FindCursor.fetchBatch (D:\\Chat Application\\Chat-Application\\server\\node_modules\\mongodb\\lib\\cursor\\abstract_cursor.js:654:13)\n    at async FindCursor.next (D:\\Chat Application\\Chat-Application\\server\\node_modules\\mongodb\\lib\\cursor\\abstract_cursor.js:326:17)"}
{"cause":{"beforeHandshake":false,"errorLabelSet":{}},"errorLabelSet":{},"level":"error","message":"Mark Read Error: Socket 'secureConnect' timed out after 30129ms (connectTimeoutMS: 30000)","reason":{"commonWireVersion":25,"compatible":true,"heartbeatFrequencyMS":10000,"localThresholdMS":15,"logicalSessionTimeoutMinutes":null,"maxElectionId":{"$oid":"7fffffff000000000000013b"},"maxSetVersion":288,"servers":{"ac-ek6ww0d-shard-00-00.jjbmm4d.mongodb.net:27017":{"$clusterTime":null,"address":"ac-ek6ww0d-shard-00-00.jjbmm4d.mongodb.net:27017","arbiters":[],"electionId":null,"error":{"beforeHandshake":false,"errorLabelSet":{}},"hosts":[],"iscryptd":false,"lastUpdateTime":792591,"lastWriteDate":0,"logicalSessionTimeoutMinutes":null,"maxBsonObjectSize":null,"maxMessageSizeBytes":null,"maxWireVersion":0,"maxWriteBatchSize":null,"me":null,"minRoundTripTime":0,"minWireVersion":0,"passives":[],"primary":null,"roundTripTime":-1,"setName":null,"setVersion":null,"tags":{},"topologyVersion":null,"type":"Unknown"},"ac-ek6ww0d-shard-00-01.jjbmm4d.mongodb.net:27017":{"$clusterTime":null,"address":"ac-ek6ww0d-shard-00-01.jjbmm4d.mongodb.net:27017","arbiters":[],"electionId":null,"error":{"beforeHandshake":false,"errorLabelSet":{}},"hosts":[],"iscryptd":false,"lastUpdateTime":795407,"lastWriteDate":0,"logicalSessionTimeoutMinutes":null,"maxBsonObjectSize":null,"maxMessageSizeBytes":null,"maxWireVersion":0,"maxWriteBatchSize":null,"me":null,"minRoundTripTime":0,"minWireVersion":0,"passives":[],"primary":null,"roundTripTime":-1,"setName":null,"setVersion":null,"tags":{},"topologyVersion":null,"type":"Unknown"},"ac-ek6ww0d-shard-00-02.jjbmm4d.mongodb.net:27017":{"$clusterTime":null,"address":"ac-ek6ww0d-shard-00-02.jjbmm4d.mongodb.net:27017","arbiters":[],"electionId":null,"error":{"beforeHandshake":false,"errorLabelSet":{}},"hosts":[],"iscryptd":false,"lastUpdateTime":793120,"lastWriteDate":0,"logicalSessionTimeoutMinutes":null,"maxBsonObjectSize":null,"maxMessageSizeBytes":null,"maxWireVersion":0,"maxWriteBatchSize":null,"me":null,"minRoundTripTime":0,"minWireVersion":0,"passives":[],"primary":null,"roundTripTime":-1,"setName":null,"setVersion":null,"tags":{},"topologyVersion":null,"type":"Unknown"}},"setName":"atlas-j2zdwj-shard-0","stale":false,"type":"ReplicaSetNoPrimary"},"stack":"MongoServerSelectionError: Socket 'secureConnect' timed out after 30129ms (connectTimeoutMS: 30000)\n    at Topology.selectServer (D:\\Chat Application\\Chat-Application\\server\\node_modules\\mongodb\\lib\\sdam\\topology.js:348:38)\n    at async executeOperationWithRetries (D:\\Chat Application\\Chat-Application\\server\\node_modules\\mongodb\\lib\\operations\\execute_operation.js:157:18)\n    at async executeOperation (D:\\Chat Application\\Chat-Application\\server\\node_modules\\mongodb\\lib\\operations\\execute_operation.js:83:16)\n    at async FindCursor._initialize (D:\\Chat Application\\Chat-Application\\server\\node_modules\\mongodb\\lib\\cursor\\find_cursor.js:62:26)\n    at async FindCursor.cursorInit (D:\\Chat Application\\Chat-Application\\server\\node_modules\\mongodb\\lib\\cursor\\abstract_cursor.js:620:27)\n    at async FindCursor.fetchBatch (D:\\Chat Application\\Chat-Application\\server\\node_modules\\mongodb\\lib\\cursor\\abstract_cursor.js:654:13)\n    at async FindCursor.next (D:\\Chat Application\\Chat-Application\\server\\node_modules\\mongodb\\lib\\cursor\\abstract_cursor.js:326:17)\n    at async Collection.findOne (D:\\Chat Application\\Chat-Application\\server\\node_modules\\mongodb\\lib\\collection.js:313:24)\n    at async model.Query._findOne (D:\\Chat Application\\Chat-Application\\server\\node_modules\\mongoose\\lib\\query.js:2773:15)\n    at async maybeTracedQueryExec (D:\\Chat Application\\Chat-Application\\server\\node_modules\\mongoose\\lib\\query.js:4801:65)"}
{"cause":{"beforeHandshake":false,"errorLabelSet":{}},"errorLabelSet":{},"level":"error","message":"Join Chat Error: Socket 'secureConnect' timed out after 30129ms (connectTimeoutMS: 30000)","reason":{"commonWireVersion":25,"compatible":true,"heartbeatFrequencyMS":10000,"localThresholdMS":15,"logicalSessionTimeoutMinutes":null,"maxElectionId":{"$oid":"7fffffff000000000000013b"},"maxSetVersion":288,"servers":{"ac-ek6ww0d-shard-00-00.jjbmm4d.mongodb.net:27017":{"$clusterTime":null,"address":"ac-ek6ww0d-shard-00-00.jjbmm4d.mongodb.net:27017","arbiters":[],"electionId":null,"error":{"beforeHandshake":false,"errorLabelSet":{}},"hosts":[],"iscryptd":false,"lastUpdateTime":792591,"lastWriteDate":0,"logicalSessionTimeoutMinutes":null,"maxBsonObjectSize":null,"maxMessageSizeBytes":null,"maxWireVersion":0,"maxWriteBatchSize":null,"me":null,"minRoundTripTime":0,"minWireVersion":0,"passives":[],"primary":null,"roundTripTime":-1,"setName":null,"setVersion":null,"tags":{},"topologyVersion":null,"type":"Unknown"},"ac-ek6ww0d-shard-00-01.jjbmm4d.mongodb.net:27017":{"$clusterTime":null,"address":"ac-ek6ww0d-shard-00-01.jjbmm4d.mongodb.net:27017","arbiters":[],"electionId":null,"error":{"beforeHandshake":false,"errorLabelSet":{}},"hosts":[],"iscryptd":false,"lastUpdateTime":795407,"lastWriteDate":0,"logicalSessionTimeoutMinutes":null,"maxBsonObjectSize":null,"maxMessageSizeBytes":null,"maxWireVersion":0,"maxWriteBatchSize":null,"me":null,"minRoundTripTime":0,"minWireVersion":0,"passives":[],"primary":null,"roundTripTime":-1,"setName":null,"setVersion":null,"tags":{},"topologyVersion":null,"type":"Unknown"},"ac-ek6ww0d-shard-00-02.jjbmm4d.mongodb.net:27017":{"$clusterTime":null,"address":"ac-ek6ww0d-shard-00-02.jjbmm4d.mongodb.net:27017","arbiters":[],"electionId":null,"error":{"beforeHandshake":false,"errorLabelSet":{}},"hosts":[],"iscryptd":false,"lastUpdateTime":793120,"lastWriteDate":0,"logicalSessionTimeoutMinutes":null,"maxBsonObjectSize":null,"maxMessageSizeBytes":null,"maxWireVersion":0,"maxWriteBatchSize":null,"me":null,"minRoundTripTime":0,"minWireVersion":0,"passives":[],"primary":null,"roundTripTime":-1,"setName":null,"setVersion":null,"tags":{},"topologyVersion":null,"type":"Unknown"}},"setName":"atlas-j2zdwj-shard-0","stale":false,"type":"ReplicaSetNoPrimary"},"stack":"MongoServerSelectionError: Socket 'secureConnect' timed out after 30129ms (connectTimeoutMS: 30000)\n    at Topology.selectServer (D:\\Chat Application\\Chat-Application\\server\\node_modules\\mongodb\\lib\\sdam\\topology.js:348:38)\n    at async executeOperationWithRetries (D:\\Chat Application\\Chat-Application\\server\\node_modules\\mongodb\\lib\\operations\\execute_operation.js:260:22)\n    at async executeOperation (D:\\Chat Application\\Chat-Application\\server\\node_modules\\mongodb\\lib\\operations\\execute_operation.js:83:16)\n    at async FindCursor._initialize (D:\\Chat Application\\Chat-Application\\server\\node_modules\\mongodb\\lib\\cursor\\find_cursor.js:62:26)\n    at async FindCursor.cursorInit (D:\\Chat Application\\Chat-Application\\server\\node_modules\\mongodb\\lib\\cursor\\abstract_cursor.js:620:27)\n    at async FindCursor.fetchBatch (D:\\Chat Application\\Chat-Application\\server\\node_modules\\mongodb\\lib\\cursor\\abstract_cursor.js:654:13)\n    at async FindCursor.next (D:\\Chat Application\\Chat-Application\\server\\node_modules\\mongodb\\lib\\cursor\\abstract_cursor.js:326:17)\n    at async Collection.findOne (D:\\Chat Application\\Chat-Application\\server\\node_modules\\mongodb\\lib\\collection.js:313:24)\n    at async model.Query._findOne (D:\\Chat Application\\Chat-Application\\server\\node_modules\\mongoose\\lib\\query.js:2773:15)\n    at async maybeTracedQueryExec (D:\\Chat Application\\Chat-Application\\server\\node_modules\\mongoose\\lib\\query.js:4801:65)"}
{"cause":{"beforeHandshake":false,"errorLabelSet":{}},"errorLabelSet":{},"level":"error","message":"Mark Read Error: Socket 'secureConnect' timed out after 30129ms (connectTimeoutMS: 30000)","reason":{"commonWireVersion":25,"compatible":true,"heartbeatFrequencyMS":10000,"localThresholdMS":15,"logicalSessionTimeoutMinutes":null,"maxElectionId":{"$oid":"7fffffff000000000000013b"},"maxSetVersion":288,"servers":{"ac-ek6ww0d-shard-00-00.jjbmm4d.mongodb.net:27017":{"$clusterTime":null,"address":"ac-ek6ww0d-shard-00-00.jjbmm4d.mongodb.net:27017","arbiters":[],"electionId":null,"error":{"beforeHandshake":false,"errorLabelSet":{}},"hosts":[],"iscryptd":false,"lastUpdateTime":792591,"lastWriteDate":0,"logicalSessionTimeoutMinutes":null,"maxBsonObjectSize":null,"maxMessageSizeBytes":null,"maxWireVersion":0,"maxWriteBatchSize":null,"me":null,"minRoundTripTime":0,"minWireVersion":0,"passives":[],"primary":null,"roundTripTime":-1,"setName":null,"setVersion":null,"tags":{},"topologyVersion":null,"type":"Unknown"},"ac-ek6ww0d-shard-00-01.jjbmm4d.mongodb.net:27017":{"$clusterTime":null,"address":"ac-ek6ww0d-shard-00-01.jjbmm4d.mongodb.net:27017","arbiters":[],"electionId":null,"error":{"beforeHandshake":false,"errorLabelSet":{}},"hosts":[],"iscryptd":false,"lastUpdateTime":795407,"lastWriteDate":0,"logicalSessionTimeoutMinutes":null,"maxBsonObjectSize":null,"maxMessageSizeBytes":null,"maxWireVersion":0,"maxWriteBatchSize":null,"me":null,"minRoundTripTime":0,"minWireVersion":0,"passives":[],"primary":null,"roundTripTime":-1,"setName":null,"setVersion":null,"tags":{},"topologyVersion":null,"type":"Unknown"},"ac-ek6ww0d-shard-00-02.jjbmm4d.mongodb.net:27017":{"$clusterTime":null,"address":"ac-ek6ww0d-shard-00-02.jjbmm4d.mongodb.net:27017","arbiters":[],"electionId":null,"error":{"beforeHandshake":false,"errorLabelSet":{}},"hosts":[],"iscryptd":false,"lastUpdateTime":793120,"lastWriteDate":0,"logicalSessionTimeoutMinutes":null,"maxBsonObjectSize":null,"maxMessageSizeBytes":null,"maxWireVersion":0,"maxWriteBatchSize":null,"me":null,"minRoundTripTime":0,"minWireVersion":0,"passives":[],"primary":null,"roundTripTime":-1,"setName":null,"setVersion":null,"tags":{},"topologyVersion":null,"type":"Unknown"}},"setName":"atlas-j2zdwj-shard-0","stale":false,"type":"ReplicaSetNoPrimary"},"stack":"MongoServerSelectionError: Socket 'secureConnect' timed out after 30129ms (connectTimeoutMS: 30000)\n    at Topology.selectServer (D:\\Chat Application\\Chat-Application\\server\\node_modules\\mongodb\\lib\\sdam\\topology.js:348:38)\n    at async executeOperationWithRetries (D:\\Chat Application\\Chat-Application\\server\\node_modules\\mongodb\\lib\\operations\\execute_operation.js:260:22)\n    at async executeOperation (D:\\Chat Application\\Chat-Application\\server\\node_modules\\mongodb\\lib\\operations\\execute_operation.js:83:16)\n    at async FindCursor._initialize (D:\\Chat Application\\Chat-Application\\server\\node_modules\\mongodb\\lib\\cursor\\find_cursor.js:62:26)\n    at async FindCursor.cursorInit (D:\\Chat Application\\Chat-Application\\server\\node_modules\\mongodb\\lib\\cursor\\abstract_cursor.js:620:27)\n    at async FindCursor.fetchBatch (D:\\Chat Application\\Chat-Application\\server\\node_modules\\mongodb\\lib\\cursor\\abstract_cursor.js:654:13)\n    at async FindCursor.next (D:\\Chat Application\\Chat-Application\\server\\node_modules\\mongodb\\lib\\cursor\\abstract_cursor.js:326:17)\n    at async Collection.findOne (D:\\Chat Application\\Chat-Application\\server\\node_modules\\mongodb\\lib\\collection.js:313:24)\n    at async model.Query._findOne (D:\\Chat Application\\Chat-Application\\server\\node_modules\\mongoose\\lib\\query.js:2773:15)\n    at async maybeTracedQueryExec (D:\\Chat Application\\Chat-Application\\server\\node_modules\\mongoose\\lib\\query.js:4801:65)"}
{"level":"info","message":"Socket Disconnected: mfWm1Dnlga6jTj6MAAAc (User: 6a76ce85c11a4205f784951f)"}
{"level":"info","message":"Socket Disconnected: pwsoQRlkdgQNadGYAAAE (User: 6a76ca01c246204ec05b2801)"}
{"cause":{"beforeHandshake":false,"errorLabelSet":{}},"errorLabelSet":{},"level":"error","message":"Join Chat Error: Socket 'secureConnect' timed out after 30263ms (connectTimeoutMS: 30000)","reason":{"commonWireVersion":25,"compatible":true,"heartbeatFrequencyMS":10000,"localThresholdMS":15,"logicalSessionTimeoutMinutes":null,"maxElectionId":{"$oid":"7fffffff000000000000013b"},"maxSetVersion":288,"servers":{"ac-ek6ww0d-shard-00-00.jjbmm4d.mongodb.net:27017":{"$clusterTime":null,"address":"ac-ek6ww0d-shard-00-00.jjbmm4d.mongodb.net:27017","arbiters":[],"electionId":null,"error":{"beforeHandshake":false,"errorLabelSet":{}},"hosts":[],"iscryptd":false,"lastUpdateTime":873706,"lastWriteDate":0,"logicalSessionTimeoutMinutes":null,"maxBsonObjectSize":null,"maxMessageSizeBytes":null,"maxWireVersion":0,"maxWriteBatchSize":null,"me":null,"minRoundTripTime":0,"minWireVersion":0,"passives":[],"primary":null,"roundTripTime":-1,"setName":null,"setVersion":null,"tags":{},"topologyVersion":null,"type":"Unknown"},"ac-ek6ww0d-shard-00-01.jjbmm4d.mongodb.net:27017":{"$clusterTime":null,"address":"ac-ek6ww0d-shard-00-01.jjbmm4d.mongodb.net:27017","arbiters":[],"electionId":null,"error":{"beforeHandshake":false,"errorLabelSet":{}},"hosts":[],"iscryptd":false,"lastUpdateTime":856719,"lastWriteDate":0,"logicalSessionTimeoutMinutes":null,"maxBsonObjectSize":null,"maxMessageSizeBytes":null,"maxWireVersion":0,"maxWriteBatchSize":null,"me":null,"minRoundTripTime":0,"minWireVersion":0,"passives":[],"primary":null,"roundTripTime":-1,"setName":null,"setVersion":null,"tags":{},"topologyVersion":null,"type":"Unknown"},"ac-ek6ww0d-shard-00-02.jjbmm4d.mongodb.net:27017":{"$clusterTime":null,"address":"ac-ek6ww0d-shard-00-02.jjbmm4d.mongodb.net:27017","arbiters":[],"electionId":null,"error":{"beforeHandshake":false,"errorLabelSet":{}},"hosts":[],"iscryptd":false,"lastUpdateTime":854499,"lastWriteDate":0,"logicalSessionTimeoutMinutes":null,"maxBsonObjectSize":null,"maxMessageSizeBytes":null,"maxWireVersion":0,"maxWriteBatchSize":null,"me":null,"minRoundTripTime":0,"minWireVersion":0,"passives":[],"primary":null,"roundTripTime":-1,"setName":null,"setVersion":null,"tags":{},"topologyVersion":null,"type":"Unknown"}},"setName":"atlas-j2zdwj-shard-0","stale":false,"type":"ReplicaSetNoPrimary"},"stack":"MongoServerSelectionError: Socket 'secureConnect' timed out after 30263ms (connectTimeoutMS: 30000)\n    at Topology.selectServer (D:\\Chat Application\\Chat-Application\\server\\node_modules\\mongodb\\lib\\sdam\\topology.js:348:38)\n    at runNextTicks (node:internal/process/task_queues:65:5)\n    at listOnTimeout (node:internal/timers:567:9)\n    at process.processTimers (node:internal/timers:541:7)\n    at async executeOperationWithRetries (D:\\Chat Application\\Chat-Application\\server\\node_modules\\mongodb\\lib\\operations\\execute_operation.js:157:18)\n    at async executeOperation (D:\\Chat Application\\Chat-Application\\server\\node_modules\\mongodb\\lib\\operations\\execute_operation.js:83:16)\n    at async FindCursor._initialize (D:\\Chat Application\\Chat-Application\\server\\node_modules\\mongodb\\lib\\cursor\\find_cursor.js:62:26)\n    at async FindCursor.cursorInit (D:\\Chat Application\\Chat-Application\\server\\node_modules\\mongodb\\lib\\cursor\\abstract_cursor.js:620:27)\n    at async FindCursor.fetchBatch (D:\\Chat Application\\Chat-Application\\server\\node_modules\\mongodb\\lib\\cursor\\abstract_cursor.js:654:13)\n    at async FindCursor.next (D:\\Chat Application\\Chat-Application\\server\\node_modules\\mongodb\\lib\\cursor\\abstract_cursor.js:326:17)"}
{"cause":{"beforeHandshake":false,"errorLabelSet":{}},"errorLabelSet":{},"level":"error","message":"Mark Read Error: Socket 'secureConnect' timed out after 30263ms (connectTimeoutMS: 30000)","reason":{"commonWireVersion":25,"compatible":true,"heartbeatFrequencyMS":10000,"localThresholdMS":15,"logicalSessionTimeoutMinutes":null,"maxElectionId":{"$oid":"7fffffff000000000000013b"},"maxSetVersion":288,"servers":{"ac-ek6ww0d-shard-00-00.jjbmm4d.mongodb.net:27017":{"$clusterTime":null,"address":"ac-ek6ww0d-shard-00-00.jjbmm4d.mongodb.net:27017","arbiters":[],"electionId":null,"error":{"beforeHandshake":false,"errorLabelSet":{}},"hosts":[],"iscryptd":false,"lastUpdateTime":873706,"lastWriteDate":0,"logicalSessionTimeoutMinutes":null,"maxBsonObjectSize":null,"maxMessageSizeBytes":null,"maxWireVersion":0,"maxWriteBatchSize":null,"me":null,"minRoundTripTime":0,"minWireVersion":0,"passives":[],"primary":null,"roundTripTime":-1,"setName":null,"setVersion":null,"tags":{},"topologyVersion":null,"type":"Unknown"},"ac-ek6ww0d-shard-00-01.jjbmm4d.mongodb.net:27017":{"$clusterTime":null,"address":"ac-ek6ww0d-shard-00-01.jjbmm4d.mongodb.net:27017","arbiters":[],"electionId":null,"error":{"beforeHandshake":false,"errorLabelSet":{}},"hosts":[],"iscryptd":false,"lastUpdateTime":856719,"lastWriteDate":0,"logicalSessionTimeoutMinutes":null,"maxBsonObjectSize":null,"maxMessageSizeBytes":null,"maxWireVersion":0,"maxWriteBatchSize":null,"me":null,"minRoundTripTime":0,"minWireVersion":0,"passives":[],"primary":null,"roundTripTime":-1,"setName":null,"setVersion":null,"tags":{},"topologyVersion":null,"type":"Unknown"},"ac-ek6ww0d-shard-00-02.jjbmm4d.mongodb.net:27017":{"$clusterTime":null,"address":"ac-ek6ww0d-shard-00-02.jjbmm4d.mongodb.net:27017","arbiters":[],"electionId":null,"error":{"beforeHandshake":false,"errorLabelSet":{}},"hosts":[],"iscryptd":false,"lastUpdateTime":854499,"lastWriteDate":0,"logicalSessionTimeoutMinutes":null,"maxBsonObjectSize":null,"maxMessageSizeBytes":null,"maxWireVersion":0,"maxWriteBatchSize":null,"me":null,"minRoundTripTime":0,"minWireVersion":0,"passives":[],"primary":null,"roundTripTime":-1,"setName":null,"setVersion":null,"tags":{},"topologyVersion":null,"type":"Unknown"}},"setName":"atlas-j2zdwj-shard-0","stale":false,"type":"ReplicaSetNoPrimary"},"stack":"MongoServerSelectionError: Socket 'secureConnect' timed out after 30263ms (connectTimeoutMS: 30000)\n    at Topology.selectServer (D:\\Chat Application\\Chat-Application\\server\\node_modules\\mongodb\\lib\\sdam\\topology.js:348:38)\n    at async executeOperationWithRetries (D:\\Chat Application\\Chat-Application\\server\\node_modules\\mongodb\\lib\\operations\\execute_operation.js:157:18)\n    at async executeOperation (D:\\Chat Application\\Chat-Application\\server\\node_modules\\mongodb\\lib\\operations\\execute_operation.js:83:16)\n    at async FindCursor._initialize (D:\\Chat Application\\Chat-Application\\server\\node_modules\\mongodb\\lib\\cursor\\find_cursor.js:62:26)\n    at async FindCursor.cursorInit (D:\\Chat Application\\Chat-Application\\server\\node_modules\\mongodb\\lib\\cursor\\abstract_cursor.js:620:27)\n    at async FindCursor.fetchBatch (D:\\Chat Application\\Chat-Application\\server\\node_modules\\mongodb\\lib\\cursor\\abstract_cursor.js:654:13)\n    at async FindCursor.next (D:\\Chat Application\\Chat-Application\\server\\node_modules\\mongodb\\lib\\cursor\\abstract_cursor.js:326:17)\n    at async Collection.findOne (D:\\Chat Application\\Chat-Application\\server\\node_modules\\mongodb\\lib\\collection.js:313:24)\n    at async model.Query._findOne (D:\\Chat Application\\Chat-Application\\server\\node_modules\\mongoose\\lib\\query.js:2773:15)\n    at async maybeTracedQueryExec (D:\\Chat Application\\Chat-Application\\server\\node_modules\\mongoose\\lib\\query.js:4801:65)"}
{"cause":{"beforeHandshake":false,"errorLabelSet":{}},"errorLabelSet":{},"level":"error","message":"Join Chat Error: Socket 'secureConnect' timed out after 30263ms (connectTimeoutMS: 30000)","reason":{"commonWireVersion":25,"compatible":true,"heartbeatFrequencyMS":10000,"localThresholdMS":15,"logicalSessionTimeoutMinutes":null,"maxElectionId":{"$oid":"7fffffff000000000000013b"},"maxSetVersion":288,"servers":{"ac-ek6ww0d-shard-00-00.jjbmm4d.mongodb.net:27017":{"$clusterTime":null,"address":"ac-ek6ww0d-shard-00-00.jjbmm4d.mongodb.net:27017","arbiters":[],"electionId":null,"error":{"beforeHandshake":false,"errorLabelSet":{}},"hosts":[],"iscryptd":false,"lastUpdateTime":873706,"lastWriteDate":0,"logicalSessionTimeoutMinutes":null,"maxBsonObjectSize":null,"maxMessageSizeBytes":null,"maxWireVersion":0,"maxWriteBatchSize":null,"me":null,"minRoundTripTime":0,"minWireVersion":0,"passives":[],"primary":null,"roundTripTime":-1,"setName":null,"setVersion":null,"tags":{},"topologyVersion":null,"type":"Unknown"},"ac-ek6ww0d-shard-00-01.jjbmm4d.mongodb.net:27017":{"$clusterTime":null,"address":"ac-ek6ww0d-shard-00-01.jjbmm4d.mongodb.net:27017","arbiters":[],"electionId":null,"error":{"beforeHandshake":false,"errorLabelSet":{}},"hosts":[],"iscryptd":false,"lastUpdateTime":856719,"lastWriteDate":0,"logicalSessionTimeoutMinutes":null,"maxBsonObjectSize":null,"maxMessageSizeBytes":null,"maxWireVersion":0,"maxWriteBatchSize":null,"me":null,"minRoundTripTime":0,"minWireVersion":0,"passives":[],"primary":null,"roundTripTime":-1,"setName":null,"setVersion":null,"tags":{},"topologyVersion":null,"type":"Unknown"},"ac-ek6ww0d-shard-00-02.jjbmm4d.mongodb.net:27017":{"$clusterTime":null,"address":"ac-ek6ww0d-shard-00-02.jjbmm4d.mongodb.net:27017","arbiters":[],"electionId":null,"error":{"beforeHandshake":false,"errorLabelSet":{}},"hosts":[],"iscryptd":false,"lastUpdateTime":854499,"lastWriteDate":0,"logicalSessionTimeoutMinutes":null,"maxBsonObjectSize":null,"maxMessageSizeBytes":null,"maxWireVersion":0,"maxWriteBatchSize":null,"me":null,"minRoundTripTime":0,"minWireVersion":0,"passives":[],"primary":null,"roundTripTime":-1,"setName":null,"setVersion":null,"tags":{},"topologyVersion":null,"type":"Unknown"}},"setName":"atlas-j2zdwj-shard-0","stale":false,"type":"ReplicaSetNoPrimary"},"stack":"MongoServerSelectionError: Socket 'secureConnect' timed out after 30263ms (connectTimeoutMS: 30000)\n    at Topology.selectServer (D:\\Chat Application\\Chat-Application\\server\\node_modules\\mongodb\\lib\\sdam\\topology.js:348:38)\n    at runNextTicks (node:internal/process/task_queues:65:5)\n    at listOnTimeout (node:internal/timers:567:9)\n    at process.processTimers (node:internal/timers:541:7)\n    at async executeOperationWithRetries (D:\\Chat Application\\Chat-Application\\server\\node_modules\\mongodb\\lib\\operations\\execute_operation.js:157:18)\n    at async executeOperation (D:\\Chat Application\\Chat-Application\\server\\node_modules\\mongodb\\lib\\operations\\execute_operation.js:83:16)\n    at async FindCursor._initialize (D:\\Chat Application\\Chat-Application\\server\\node_modules\\mongodb\\lib\\cursor\\find_cursor.js:62:26)\n    at async FindCursor.cursorInit (D:\\Chat Application\\Chat-Application\\server\\node_modules\\mongodb\\lib\\cursor\\abstract_cursor.js:620:27)\n    at async FindCursor.fetchBatch (D:\\Chat Application\\Chat-Application\\server\\node_modules\\mongodb\\lib\\cursor\\abstract_cursor.js:654:13)\n    at async FindCursor.next (D:\\Chat Application\\Chat-Application\\server\\node_modules\\mongodb\\lib\\cursor\\abstract_cursor.js:326:17)"}
{"cause":{"beforeHandshake":false,"errorLabelSet":{}},"errorLabelSet":{},"level":"error","message":"Mark Read Error: Socket 'secureConnect' timed out after 30263ms (connectTimeoutMS: 30000)","reason":{"commonWireVersion":25,"compatible":true,"heartbeatFrequencyMS":10000,"localThresholdMS":15,"logicalSessionTimeoutMinutes":null,"maxElectionId":{"$oid":"7fffffff000000000000013b"},"maxSetVersion":288,"servers":{"ac-ek6ww0d-shard-00-00.jjbmm4d.mongodb.net:27017":{"$clusterTime":null,"address":"ac-ek6ww0d-shard-00-00.jjbmm4d.mongodb.net:27017","arbiters":[],"electionId":null,"error":{"beforeHandshake":false,"errorLabelSet":{}},"hosts":[],"iscryptd":false,"lastUpdateTime":873706,"lastWriteDate":0,"logicalSessionTimeoutMinutes":null,"maxBsonObjectSize":null,"maxMessageSizeBytes":null,"maxWireVersion":0,"maxWriteBatchSize":null,"me":null,"minRoundTripTime":0,"minWireVersion":0,"passives":[],"primary":null,"roundTripTime":-1,"setName":null,"setVersion":null,"tags":{},"topologyVersion":null,"type":"Unknown"},"ac-ek6ww0d-shard-00-01.jjbmm4d.mongodb.net:27017":{"$clusterTime":null,"address":"ac-ek6ww0d-shard-00-01.jjbmm4d.mongodb.net:27017","arbiters":[],"electionId":null,"error":{"beforeHandshake":false,"errorLabelSet":{}},"hosts":[],"iscryptd":false,"lastUpdateTime":856719,"lastWriteDate":0,"logicalSessionTimeoutMinutes":null,"maxBsonObjectSize":null,"maxMessageSizeBytes":null,"maxWireVersion":0,"maxWriteBatchSize":null,"me":null,"minRoundTripTime":0,"minWireVersion":0,"passives":[],"primary":null,"roundTripTime":-1,"setName":null,"setVersion":null,"tags":{},"topologyVersion":null,"type":"Unknown"},"ac-ek6ww0d-shard-00-02.jjbmm4d.mongodb.net:27017":{"$clusterTime":null,"address":"ac-ek6ww0d-shard-00-02.jjbmm4d.mongodb.net:27017","arbiters":[],"electionId":null,"error":{"beforeHandshake":false,"errorLabelSet":{}},"hosts":[],"iscryptd":false,"lastUpdateTime":854499,"lastWriteDate":0,"logicalSessionTimeoutMinutes":null,"maxBsonObjectSize":null,"maxMessageSizeBytes":null,"maxWireVersion":0,"maxWriteBatchSize":null,"me":null,"minRoundTripTime":0,"minWireVersion":0,"passives":[],"primary":null,"roundTripTime":-1,"setName":null,"setVersion":null,"tags":{},"topologyVersion":null,"type":"Unknown"}},"setName":"atlas-j2zdwj-shard-0","stale":false,"type":"ReplicaSetNoPrimary"},"stack":"MongoServerSelectionError: Socket 'secureConnect' timed out after 30263ms (connectTimeoutMS: 30000)\n    at Topology.selectServer (D:\\Chat Application\\Chat-Application\\server\\node_modules\\mongodb\\lib\\sdam\\topology.js:348:38)\n    at async executeOperationWithRetries (D:\\Chat Application\\Chat-Application\\server\\node_modules\\mongodb\\lib\\operations\\execute_operation.js:157:18)\n    at async executeOperation (D:\\Chat Application\\Chat-Application\\server\\node_modules\\mongodb\\lib\\operations\\execute_operation.js:83:16)\n    at async FindCursor._initialize (D:\\Chat Application\\Chat-Application\\server\\node_modules\\mongodb\\lib\\cursor\\find_cursor.js:62:26)\n    at async FindCursor.cursorInit (D:\\Chat Application\\Chat-Application\\server\\node_modules\\mongodb\\lib\\cursor\\abstract_cursor.js:620:27)\n    at async FindCursor.fetchBatch (D:\\Chat Application\\Chat-Application\\server\\node_modules\\mongodb\\lib\\cursor\\abstract_cursor.js:654:13)\n    at async FindCursor.next (D:\\Chat Application\\Chat-Application\\server\\node_modules\\mongodb\\lib\\cursor\\abstract_cursor.js:326:17)\n    at async Collection.findOne (D:\\Chat Application\\Chat-Application\\server\\node_modules\\mongodb\\lib\\collection.js:313:24)\n    at async model.Query._findOne (D:\\Chat Application\\Chat-Application\\server\\node_modules\\mongoose\\lib\\query.js:2773:15)\n    at async maybeTracedQueryExec (D:\\Chat Application\\Chat-Application\\server\\node_modules\\mongoose\\lib\\query.js:4801:65)"}
{"level":"info","message":"Server is running"}
{"level":"info","message":"Server is running"}
{"level":"info","message":"Server is running"}
{"level":"info","message":"Server is running"}
{"level":"info","message":"Socket Connected: m55nja7CEldiP6EoAAAD (User: 6a76ce85c11a4205f784951f)"}
{"level":"info","message":"Socket Connected: -6QZ39JjHJYzZDKUAAAE (User: 6a7992d9e542fe5a80fb05c1)"}
{"level":"info","message":"Socket Connected: Y43WYSJeW1ARrfZbAAAF (User: 6a7992d9e542fe5a80fb05c1)"}
{"level":"info","message":"Socket Connected: 9LqVjliENIbk3iXbAAAJ (User: 6a76ce85c11a4205f784951f)"}
{"level":"info","message":"Socket Connected: MLW08EE3yTTZilkGAAAK (User: 6a7992d9e542fe5a80fb05c1)"}
{"level":"info","message":"Socket Connected: YvRyRD6waqo8-vxWAAAL (User: 6a76ce85c11a4205f784951f)"}
{"level":"info","message":"Socket Connected: NuewUuhfmH4O_RjvAAAO (User: 6a76ce85c11a4205f784951f)"}
{"level":"info","message":"Socket Connected: 2LP0I9KECC4n3kp2AAAR (User: 6a7992d9e542fe5a80fb05c1)"}
{"level":"info","message":"Socket Disconnected: m55nja7CEldiP6EoAAAD (User: 6a76ce85c11a4205f784951f)"}
{"level":"info","message":"Socket Disconnected: NuewUuhfmH4O_RjvAAAO (User: 6a76ce85c11a4205f784951f)"}
{"level":"info","message":"Socket Disconnected: YvRyRD6waqo8-vxWAAAL (User: 6a76ce85c11a4205f784951f)"}
{"level":"info","message":"Socket Disconnected: 9LqVjliENIbk3iXbAAAJ (User: 6a76ce85c11a4205f784951f)"}
{"level":"info","message":"Socket Connected: iqUJbq636T56-LOGAAAU (User: 6a76ce85c11a4205f784951f)"}
{"level":"info","message":"Socket Disconnected: iqUJbq636T56-LOGAAAU (User: 6a76ce85c11a4205f784951f)"}
{"level":"info","message":"Socket Connected: ZAttFjUYjeSYFUyFAAAX (User: 6a76ce85c11a4205f784951f)"}
{"level":"info","message":"Socket Disconnected: ZAttFjUYjeSYFUyFAAAX (User: 6a76ce85c11a4205f784951f)"}
{"level":"info","message":"Socket Connected: Njdwj_7MucJMaocTAAAa (User: 6a76ce85c11a4205f784951f)"}
{"level":"info","message":"Socket Disconnected: Njdwj_7MucJMaocTAAAa (User: 6a76ce85c11a4205f784951f)"}
{"level":"info","message":"Socket Connected: uMZ4QlNAEPdmIhyQAAAd (User: 6a76ce85c11a4205f784951f)"}
{"level":"info","message":"Server is running"}
{"level":"info","message":"Server is running"}
{"level":"info","message":"Socket Connected: LxGI7eMUYL1uKclSAAAC (User: 6a7992d9e542fe5a80fb05c1)"}
{"level":"info","message":"Socket Connected: MU3TMpwfJHfSZ-bSAAAE (User: 6a7992d9e542fe5a80fb05c1)"}
{"level":"info","message":"Socket Disconnected: MU3TMpwfJHfSZ-bSAAAE (User: 6a7992d9e542fe5a80fb05c1)"}
{"level":"info","message":"Socket Connected: 1hKy0XyDAujb8-TCAAAI (User: 6a7992d9e542fe5a80fb05c1)"}
{"level":"info","message":"Socket Disconnected: 1hKy0XyDAujb8-TCAAAI (User: 6a7992d9e542fe5a80fb05c1)"}
{"level":"info","message":"Socket Connected: aSuTWHJw0Ma-5BYvAAAL (User: 6a7992d9e542fe5a80fb05c1)"}
{"level":"info","message":"Socket Connected: KZqObDwuNwYsjQmVAAAN (User: 6a7992d9e542fe5a80fb05c1)"}
{"level":"info","message":"Socket Disconnected: KZqObDwuNwYsjQmVAAAN (User: 6a7992d9e542fe5a80fb05c1)"}
{"level":"info","message":"Socket Connected: vz4Vwr0GPTkV8ujRAAAQ (User: 6a7992d9e542fe5a80fb05c1)"}
{"level":"info","message":"Socket Disconnected: vz4Vwr0GPTkV8ujRAAAQ (User: 6a7992d9e542fe5a80fb05c1)"}
{"level":"info","message":"Socket Connected: uHuhE-AuVgLe70DhAAAT (User: 6a7992d9e542fe5a80fb05c1)"}
{"level":"info","message":"Server is running"}
{"level":"info","message":"Socket Connected: fvWYeh0CAA38KExMAAAC (User: 6a7992d9e542fe5a80fb05c1)"}
{"level":"info","message":"Socket Disconnected: fvWYeh0CAA38KExMAAAC (User: 6a7992d9e542fe5a80fb05c1)"}
{"level":"info","message":"Socket Connected: 022Nn-5h80EokvegAAAF (User: 6a7992d9e542fe5a80fb05c1)"}
{"level":"info","message":"Socket Disconnected: 022Nn-5h80EokvegAAAF (User: 6a7992d9e542fe5a80fb05c1)"}
{"level":"info","message":"Socket Connected: G6OeMCsiORvo_aLiAAAI (User: 6a7992d9e542fe5a80fb05c1)"}
{"level":"info","message":"Socket Disconnected: G6OeMCsiORvo_aLiAAAI (User: 6a7992d9e542fe5a80fb05c1)"}
{"level":"info","message":"Socket Connected: cbaTyW_3lr5_NDFBAAAL (User: 6a7992d9e542fe5a80fb05c1)"}
{"level":"info","message":"Socket Disconnected: cbaTyW_3lr5_NDFBAAAL (User: 6a7992d9e542fe5a80fb05c1)"}
{"level":"info","message":"Socket Connected: uGOTveHvogD-9BsIAAAO (User: 6a7992d9e542fe5a80fb05c1)"}
{"level":"info","message":"Socket Disconnected: uGOTveHvogD-9BsIAAAO (User: 6a7992d9e542fe5a80fb05c1)"}
{"level":"info","message":"Socket Connected: L-hOVdotckC5u-LnAAAR (User: 6a7992d9e542fe5a80fb05c1)"}
{"level":"info","message":"Socket Connected: K_Qo9GbEDokN5RlNAAAT (User: 6a7992d9e542fe5a80fb05c1)"}
{"level":"info","message":"Socket Disconnected: K_Qo9GbEDokN5RlNAAAT (User: 6a7992d9e542fe5a80fb05c1)"}
{"level":"info","message":"Socket Connected: 83wZKG4U9YGrDN9mAAAX (User: 6a7992d9e542fe5a80fb05c1)"}
{"level":"info","message":"Socket Disconnected: 83wZKG4U9YGrDN9mAAAX (User: 6a7992d9e542fe5a80fb05c1)"}
{"level":"info","message":"Socket Connected: RdVI1mjhhIyRGlC7AAAb (User: 6a7992d9e542fe5a80fb05c1)"}
{"level":"info","message":"Socket Disconnected: RdVI1mjhhIyRGlC7AAAb (User: 6a7992d9e542fe5a80fb05c1)"}
{"level":"info","message":"Socket Connected: 9OBQi1KWgJZ_3qJJAAAf (User: 6a7992d9e542fe5a80fb05c1)"}
{"level":"info","message":"Socket Disconnected: 9OBQi1KWgJZ_3qJJAAAf (User: 6a7992d9e542fe5a80fb05c1)"}
{"level":"info","message":"Socket Connected: 4ee5uHP3TVPCvo-eAAAj (User: 6a7992d9e542fe5a80fb05c1)"}
{"level":"info","message":"Socket Disconnected: 4ee5uHP3TVPCvo-eAAAj (User: 6a7992d9e542fe5a80fb05c1)"}
{"level":"info","message":"Socket Connected: jvEn5KmrLjj5OkfIAAAn (User: 6a7992d9e542fe5a80fb05c1)"}
{"level":"info","message":"Socket Disconnected: jvEn5KmrLjj5OkfIAAAn (User: 6a7992d9e542fe5a80fb05c1)"}
{"level":"info","message":"Socket Connected: c9wWFUG9RDZJBEkXAAAr (User: 6a7992d9e542fe5a80fb05c1)"}
{"level":"info","message":"Socket Disconnected: c9wWFUG9RDZJBEkXAAAr (User: 6a7992d9e542fe5a80fb05c1)"}
{"level":"info","message":"Socket Connected: mVg50u8epJKPLVrvAAAv (User: 6a7992d9e542fe5a80fb05c1)"}
{"level":"info","message":"Socket Disconnected: mVg50u8epJKPLVrvAAAv (User: 6a7992d9e542fe5a80fb05c1)"}
{"level":"info","message":"Socket Connected: zUJ-ZdZ9_iPmDCxYAAAz (User: 6a7992d9e542fe5a80fb05c1)"}
{"level":"info","message":"Socket Disconnected: zUJ-ZdZ9_iPmDCxYAAAz (User: 6a7992d9e542fe5a80fb05c1)"}
{"level":"info","message":"Socket Connected: GdAxJ3tRLVyOfUcRAAA3 (User: 6a7992d9e542fe5a80fb05c1)"}
{"level":"info","message":"Socket Disconnected: GdAxJ3tRLVyOfUcRAAA3 (User: 6a7992d9e542fe5a80fb05c1)"}
{"level":"info","message":"Socket Connected: e_yJ-keaun_ytTzVAAA7 (User: 6a7992d9e542fe5a80fb05c1)"}
{"level":"info","message":"Socket Disconnected: e_yJ-keaun_ytTzVAAA7 (User: 6a7992d9e542fe5a80fb05c1)"}
{"level":"info","message":"Socket Connected: CFgkHtpddZHRH5e_AAA- (User: 6a7992d9e542fe5a80fb05c1)"}
{"level":"info","message":"Socket Disconnected: CFgkHtpddZHRH5e_AAA- (User: 6a7992d9e542fe5a80fb05c1)"}
{"level":"info","message":"Socket Connected: FGrpkESxQQIysg-CAABC (User: 6a7992d9e542fe5a80fb05c1)"}
{"level":"info","message":"Socket Disconnected: FGrpkESxQQIysg-CAABC (User: 6a7992d9e542fe5a80fb05c1)"}
{"level":"info","message":"Socket Connected: edLb_M6Pe_uE5DCgAABG (User: 6a7992d9e542fe5a80fb05c1)"}
{"level":"info","message":"Socket Disconnected: edLb_M6Pe_uE5DCgAABG (User: 6a7992d9e542fe5a80fb05c1)"}
{"level":"info","message":"Socket Connected: lo4Aw4m20Bs6XpU2AABK (User: 6a7992d9e542fe5a80fb05c1)"}
{"level":"info","message":"Socket Disconnected: lo4Aw4m20Bs6XpU2AABK (User: 6a7992d9e542fe5a80fb05c1)"}
{"level":"info","message":"Socket Connected: tv7kw_WfhiFCPYnJAABO (User: 6a7992d9e542fe5a80fb05c1)"}
{"level":"info","message":"Socket Disconnected: tv7kw_WfhiFCPYnJAABO (User: 6a7992d9e542fe5a80fb05c1)"}
{"level":"info","message":"Socket Connected: 9qy8xMU_83sMj1YEAABR (User: 6a76ca01c246204ec05b2801)"}
{"level":"info","message":"Socket Connected: 0I51w651l7ZV3i6VAABU (User: 6a76ca01c246204ec05b2801)"}
{"level":"info","message":"Socket Connected: F41hnpTNWifCsVimAABW (User: 6a76ca01c246204ec05b2801)"}
{"level":"info","message":"Socket Disconnected: F41hnpTNWifCsVimAABW (User: 6a76ca01c246204ec05b2801)"}
{"level":"info","message":"Socket Connected: Oj3I3-rDAZD7t9fBAABZ (User: 6a76ca01c246204ec05b2801)"}
{"level":"info","message":"Socket Connected: snlFjkbnO2lNAC0jAABc (User: 6a76ca01c246204ec05b2801)"}
{"level":"info","message":"Socket Disconnected: snlFjkbnO2lNAC0jAABc (User: 6a76ca01c246204ec05b2801)"}
{"level":"info","message":"Socket Connected: Pg97DZZQQm6R-S71AABe (User: 6a76ca01c246204ec05b2801)"}
{"level":"info","message":"Socket Disconnected: Pg97DZZQQm6R-S71AABe (User: 6a76ca01c246204ec05b2801)"}
{"level":"info","message":"Socket Connected: FI5JxMSp2TCRYwSbAABi (User: 6a76ca01c246204ec05b2801)"}
{"level":"info","message":"Socket Disconnected: FI5JxMSp2TCRYwSbAABi (User: 6a76ca01c246204ec05b2801)"}
{"level":"info","message":"Socket Connected: Q7sXOGIDvLl3YW7bAABm (User: 6a76ca01c246204ec05b2801)"}
{"level":"info","message":"Server is running"}
{"level":"info","message":"Server is running"}
{"level":"info","message":"Server is running"}
{"level":"info","message":"Socket Connected: -eJfHMQiA28bsjZSAAAC (User: 6a76ca01c246204ec05b2801)"}
{"level":"info","message":"Socket Connected: qmbhrOl1M4z2pPKsAAAE (User: 6a76ca01c246204ec05b2801)"}
{"level":"info","message":"Socket Disconnected: qmbhrOl1M4z2pPKsAAAE (User: 6a76ca01c246204ec05b2801)"}
{"level":"info","message":"Socket Connected: -SL1q0VKmweueMyyAAAI (User: 6a76ca01c246204ec05b2801)"}
{"level":"info","message":"Socket Disconnected: -SL1q0VKmweueMyyAAAI (User: 6a76ca01c246204ec05b2801)"}
{"level":"info","message":"Socket Connected: VdIGu7oCCqDrwz9AAAAK (User: 6a76ca01c246204ec05b2801)"}
{"level":"info","message":"Socket Disconnected: VdIGu7oCCqDrwz9AAAAK (User: 6a76ca01c246204ec05b2801)"}
{"level":"info","message":"Socket Connected: H1IR_yA2gjvrp2zeAAAN (User: 6a76ca01c246204ec05b2801)"}
{"level":"info","message":"Socket Connected: 2n2oStWiOcnF_wDAAAAP (User: 6a76ca01c246204ec05b2801)"}
{"level":"info","message":"Socket Disconnected: 2n2oStWiOcnF_wDAAAAP (User: 6a76ca01c246204ec05b2801)"}
{"level":"info","message":"Socket Connected: iVtO2U_3FW18NqOIAAAT (User: 6a76ca01c246204ec05b2801)"}
{"level":"info","message":"Server is running"}
{"level":"info","message":"Socket Connected: FJzG25BQAtXh_ARMAAAB (User: 6a76ca01c246204ec05b2801)"}
{"level":"info","message":"Server is running"}
{"level":"info","message":"Server is running"}
{"level":"info","message":"Socket Connected: mGx7eYJvzQQXK10iAAAC (User: 6a7992d9e542fe5a80fb05c1)"}
{"level":"info","message":"Socket Connected: EA2lqjmFPzVW2gcIAAAE (User: 6a7992d9e542fe5a80fb05c1)"}
{"level":"info","message":"Socket Disconnected: EA2lqjmFPzVW2gcIAAAE (User: 6a7992d9e542fe5a80fb05c1)"}
{"level":"info","message":"Socket Connected: mARo_CeDVoTlDB8TAAAH (User: 6a7992d9e542fe5a80fb05c1)"}
{"level":"info","message":"Socket Connected: NfHKRjwbI0QbnpTrAAAJ (User: 6a7992d9e542fe5a80fb05c1)"}
{"level":"info","message":"Server is running"}
{"level":"info","message":"Socket Connected: IDTuRizzuheR6-xeAAAB (User: 6a7992d9e542fe5a80fb05c1)"}
{"level":"info","message":"Server is running"}
{"level":"info","message":"Socket Connected: dpeCf1z6rx_euKQ5AAAB (User: 6a7992d9e542fe5a80fb05c1)"}
{"level":"info","message":"Server is running"}
{"level":"info","message":"Socket Connected: i6qgMIEcBW5Pk0TJAAAB (User: 6a7992d9e542fe5a80fb05c1)"}
{"level":"info","message":"Server is running"}
{"level":"info","message":"Socket Connected: YsEazlUPdBmQ9EpRAAAB (User: 6a7992d9e542fe5a80fb05c1)"}
{"level":"info","message":"Server is running"}
{"level":"info","message":"Socket Connected: GhJ_P9W7dy98Ay-UAAAB (User: 6a7992d9e542fe5a80fb05c1)"}
{"level":"info","message":"Server is running"}
{"level":"info","message":"Socket Connected: OQqzMEKeWi2A_K6TAAAB (User: 6a7992d9e542fe5a80fb05c1)"}
{"level":"info","message":"Server is running"}
{"level":"info","message":"Socket Connected: zO8s9J6PxsmJvQv2AAAB (User: 6a7992d9e542fe5a80fb05c1)"}
{"level":"info","message":"Server is running"}
{"level":"info","message":"Socket Connected: 1TVF0jWPo6kvd0WYAAAB (User: 6a7992d9e542fe5a80fb05c1)"}
{"level":"info","message":"Socket Connected: s5sHNuVbWdpmYE4dAAAE (User: 6a7992d9e542fe5a80fb05c1)"}
{"level":"info","message":"Socket Connected: MROa9K46xaHOEcBBAAAG (User: 6a7992d9e542fe5a80fb05c1)"}
{"level":"info","message":"Socket Disconnected: MROa9K46xaHOEcBBAAAG (User: 6a7992d9e542fe5a80fb05c1)"}
{"level":"info","message":"Socket Connected: on-QmpyUXr-ukEsZAAAJ (User: 6a7992d9e542fe5a80fb05c1)"}
{"level":"info","message":"Socket Connected: 5MJj4SbDSRkm09DxAAAL (User: 6a7992d9e542fe5a80fb05c1)"}
{"level":"info","message":"Socket Disconnected: 5MJj4SbDSRkm09DxAAAL (User: 6a7992d9e542fe5a80fb05c1)"}
{"level":"info","message":"Socket Connected: AcPxlUhqFAwivfOKAAAO (User: 6a76ce85c11a4205f784951f)"}
{"level":"info","message":"Socket Disconnected: AcPxlUhqFAwivfOKAAAO (User: 6a76ce85c11a4205f784951f)"}
{"level":"info","message":"Socket Connected: xL2yLdksMwaHxIjVAAAR (User: 6a76ce85c11a4205f784951f)"}
{"level":"info","message":"Socket Connected: YlYJcNiFXFqLw-taAAAU (User: 6a76ce85c11a4205f784951f)"}
{"level":"info","message":"Socket Connected: ayNs6JnPxdT84NSxAAAY (User: 6a7992d9e542fe5a80fb05c1)"}
{"level":"info","message":"Socket Connected: 2alvCk5SEPWaDWULAAAb (User: 6a76ce85c11a4205f784951f)"}
{"level":"info","message":"Socket Disconnected: 2alvCk5SEPWaDWULAAAb (User: 6a76ce85c11a4205f784951f)"}
{"level":"info","message":"Server is running"}
{"level":"info","message":"Socket Connected: MmMntb7F-kpYZqOCAAAC (User: 6a76ce85c11a4205f784951f)"}
{"level":"info","message":"Socket Connected: 1HGMd0epeyvM-yZ4AAAD (User: 6a7992d9e542fe5a80fb05c1)"}
{"level":"info","message":"Server is running on port 5000"}
{"level":"info","message":"Socket Connected: W5CGugrIdBjWAmD4AAAB (User: 6a7992d9e542fe5a80fb05c1)"}
{"level":"info","message":"Socket Connected: RcGBJZGDVr7iBs5jAAAD (User: 6a76ce85c11a4205f784951f)"}
{"level":"info","message":"Server is running on port 5000"}
{"level":"info","message":"Socket Connected: awKOyTMV7HbP2oTNAAAC (User: 6a76ce85c11a4205f784951f)"}
{"level":"info","message":"Socket Connected: MS04t6NgON20j0p_AAAD (User: 6a7992d9e542fe5a80fb05c1)"}
{"level":"info","message":"Server is running on port 5000"}
{"level":"info","message":"Socket Connected: CRRlK9h0J6aNKxhsAAAB (User: 6a7992d9e542fe5a80fb05c1)"}
{"level":"info","message":"Socket Connected: AG7TctBhG1jg5pbKAAAD (User: 6a76ce85c11a4205f784951f)"}
{"level":"info","message":"Server is running on port 5000"}
{"level":"info","message":"Socket Connected: b2VBx5TRuXjLDQECAAAC (User: 6a76ce85c11a4205f784951f)"}
{"level":"info","message":"Socket Connected: nXwhoSL5N8etP94AAAAD (User: 6a7992d9e542fe5a80fb05c1)"}
{"level":"info","message":"Server is running on port 5000"}
{"level":"info","message":"Socket Connected: 9uj7LcrhzswdcuDUAAAB (User: 6a76ce85c11a4205f784951f)"}
{"level":"info","message":"Socket Connected: F9xa2lSBqlf6E4KmAAAD (User: 6a7992d9e542fe5a80fb05c1)"}
{"level":"info","message":"Server is running on port 5000"}
{"level":"info","message":"Socket Connected: 9XC22cr1zLkupoZMAAAC (User: 6a76ce85c11a4205f784951f)"}
{"level":"info","message":"Socket Connected: oXWhekntqof9xwI7AAAD (User: 6a7992d9e542fe5a80fb05c1)"}
{"level":"info","message":"Server is running on port 5000"}
{"level":"info","message":"Socket Connected: jfK_N5EGsFlcbreEAAAC (User: 6a76ce85c11a4205f784951f)"}
{"level":"info","message":"Socket Connected: aVBPNn5tlNPZtCC8AAAD (User: 6a7992d9e542fe5a80fb05c1)"}
{"level":"info","message":"Server is running on port 5000"}
{"level":"info","message":"Socket Connected: TINZJsFG7PcNJJ3DAAAC (User: 6a76ce85c11a4205f784951f)"}
{"level":"info","message":"Socket Connected: 62Y_TPkA9kExldTmAAAD (User: 6a7992d9e542fe5a80fb05c1)"}
{"level":"info","message":"Server is running on port 5000"}
{"level":"info","message":"Socket Connected: m_Z-mfsrZUGZAdGRAAAC (User: 6a76ce85c11a4205f784951f)"}
{"level":"info","message":"Socket Connected: 1lLrCnYp9xJ6g4uEAAAD (User: 6a7992d9e542fe5a80fb05c1)"}
{"level":"info","message":"Server is running on port 5000"}
{"level":"info","message":"Socket Connected: KDo7YG4UuixLjO4VAAAC (User: 6a76ce85c11a4205f784951f)"}
{"level":"info","message":"Socket Connected: ciDDWe76v9imUmpVAAAD (User: 6a7992d9e542fe5a80fb05c1)"}
{"level":"info","message":"Socket Connected: PQOlh36KjFopVHm5AAAG (User: 6a76ce85c11a4205f784951f)"}
{"level":"info","message":"Socket Disconnected: ciDDWe76v9imUmpVAAAD (User: 6a7992d9e542fe5a80fb05c1)"}
{"level":"info","message":"Socket Connected: mV-9memwpTcXgM8RAAAJ (User: 6a76ca01c246204ec05b2801)"}
{"level":"info","message":"Server is running on port 5000"}
{"level":"info","message":"Socket Connected: Xa3n6WJP2LdMDPupAAAC (User: 6a76ce85c11a4205f784951f)"}
{"level":"info","message":"Socket Connected: AgTUDBPrhUEIreYkAAAD (User: 6a76ce85c11a4205f784951f)"}
{"level":"info","message":"Socket Connected: qJ426LgNJgHYR_SqAAAF (User: 6a76ca01c246204ec05b2801)"}
{"level":"info","message":"Socket Connected: 90hc422bKz7EPO6xAAAL (User: 6a76ce85c11a4205f784951f)"}
{"level":"info","message":"Socket Connected: 9bsYh4lWxyA6oonlAAAI (User: 6a76ca01c246204ec05b2801)"}
{"level":"info","message":"Socket Connected: iRbuSO4oAfPiVc_2AAAQ (User: 6a76ca01c246204ec05b2801)"}
{"level":"info","message":"Socket Connected: JVLviKqFCHOK-y54AAAR (User: 6a76ce85c11a4205f784951f)"}
{"level":"info","message":"Server is running on port 5000"}
{"level":"info","message":"Socket Connected: Fl8IQpWpLAr5ZSRDAAAC (User: 6a76ce85c11a4205f784951f)"}
{"level":"info","message":"Socket Connected: CFyvUz8-pNnRJKXnAAAK (User: 6a76ce85c11a4205f784951f)"}
{"level":"info","message":"Socket Connected: iScBYENz_0E0045XAAAL (User: 6a76ca01c246204ec05b2801)"}
{"level":"info","message":"Socket Connected: F4xYjxuCEnwR0Y1NAAAM (User: 6a76ce85c11a4205f784951f)"}
{"level":"info","message":"Socket Connected: 5p3qON6zQVTcu4bPAAAN (User: 6a76ca01c246204ec05b2801)"}
{"level":"info","message":"Socket Connected: cr9gcx8XLlJ3olt9AAAJ (User: 6a76ce85c11a4205f784951f)"}
{"level":"info","message":"Socket Connected: Vp7P4HC-248D_LSNAAAI (User: 6a76ca01c246204ec05b2801)"}
{"level":"info","message":"Socket Disconnected: Vp7P4HC-248D_LSNAAAI (User: 6a76ca01c246204ec05b2801)"}
{"level":"info","message":"Socket Disconnected: 5p3qON6zQVTcu4bPAAAN (User: 6a76ca01c246204ec05b2801)"}
{"level":"info","message":"Socket Disconnected: iScBYENz_0E0045XAAAL (User: 6a76ca01c246204ec05b2801)"}
{"level":"info","message":"Socket Connected: Zzr-koDAuEvtS3QZAAAQ (User: 6a76ca01c246204ec05b2801)"}
{"level":"info","message":"Socket Disconnected: Zzr-koDAuEvtS3QZAAAQ (User: 6a76ca01c246204ec05b2801)"}
{"level":"info","message":"Socket Connected: 7zeD56CqFF4-efmzAAAV (User: 6a76ca01c246204ec05b2801)"}
{"level":"info","message":"Socket Disconnected: 7zeD56CqFF4-efmzAAAV (User: 6a76ca01c246204ec05b2801)"}
{"level":"info","message":"Socket Connected: dvBUxAXVzKoZm4QqAAAZ (User: 6a76ca01c246204ec05b2801)"}
{"level":"info","message":"Socket Disconnected: dvBUxAXVzKoZm4QqAAAZ (User: 6a76ca01c246204ec05b2801)"}
{"level":"info","message":"Socket Connected: aH_fFcDZOlfFBYXBAAAc (User: 6a76ca01c246204ec05b2801)"}
{"level":"info","message":"Socket Disconnected: Fl8IQpWpLAr5ZSRDAAAC (User: 6a76ce85c11a4205f784951f)"}
{"level":"info","message":"Socket Disconnected: F4xYjxuCEnwR0Y1NAAAM (User: 6a76ce85c11a4205f784951f)"}
{"level":"info","message":"Socket Disconnected: CFyvUz8-pNnRJKXnAAAK (User: 6a76ce85c11a4205f784951f)"}
{"level":"info","message":"Socket Disconnected: cr9gcx8XLlJ3olt9AAAJ (User: 6a76ce85c11a4205f784951f)"}
{"level":"info","message":"Socket Connected: POoyp0sGUI96-fBVAAAf (User: 6a76ce85c11a4205f784951f)"}
{"level":"info","message":"Server is running on port 5000"}
{"level":"info","message":"Socket Connected: ISUivAqnRjqoNm43AAAD (User: 6a76ca01c246204ec05b2801)"}
{"level":"info","message":"Socket Connected: 49o0DA5JLNatrMjFAAAC (User: 6a76ce85c11a4205f784951f)"}
{"level":"info","message":"Socket Disconnected: ISUivAqnRjqoNm43AAAD (User: 6a76ca01c246204ec05b2801)"}
{"level":"info","message":"Socket Connected: rkQ_QE1YEawQT3TjAAAG (User: 6a76ca01c246204ec05b2801)"}
{"level":"info","message":"Server is running on port 5000"}
{"level":"info","message":"Socket Connected: g9sXoMR0aSJv4SByAAAC (User: 6a76ce85c11a4205f784951f)"}
{"level":"info","message":"Server is running on port 5000"}
{"level":"info","message":"Socket Connected: wv4caB5zpaxLkd0wAAAC (User: 6a76ce85c11a4205f784951f)"}
{"level":"info","message":"Socket Connected: ZbVDPe6kr63qhgDUAAAG (User: 6a76ca01c246204ec05b2801)"}
{"level":"info","message":"Socket Disconnected: wv4caB5zpaxLkd0wAAAC (User: 6a76ce85c11a4205f784951f)"}
{"level":"info","message":"Socket Connected: S9FcEFr6qYMarl2nAAAJ (User: 6a76ce85c11a4205f784951f)"}
{"level":"info","message":"Socket Disconnected: S9FcEFr6qYMarl2nAAAJ (User: 6a76ce85c11a4205f784951f)"}
